TASKING VX-toolset for TriCore: assembler v6.3r1 Build 19041558
                                                                                                                           Page   1

ADDR CODE      CYCLES  LINE SOURCE LINE
                          1 ;
                          2 ; TriCoreTasking Interrupts
                          3 ;
                          4 ; Copyright ETAS GmbH 2024
                          5 ;
                          6 
                          7 
                          8   .name "Os_Vector.asm"
                          9 
                         10   .extern Os_ISRWrapper0
                         11 
                         12   .extern DefaultInterruptHandler
                         13 ;  #===========================================================================
                         14 ;  # Os_InterruptVectorTable0
                         15 ;  #===========================================================================
                         16   .global Os_InterruptVectorTable0 ;# Start of the table
                         17   .sdecl  '.text.inttab0.intvec.000',CODE
0000                     18   .sect   '.text.inttab0.intvec.000'
                         19   .align 8192
0000                     20 Os_InterruptVectorTable0:
                         21 
                         22   .sdecl  '.text.inttab0.intvec.002',CODE
0000                     23   .sect   '.text.inttab0.intvec.002'
0000 4D00E0FF  1    1    24   mfcr d15, #0xFE00
0004 E00F      4    5    25   bisr #15
0006 02F5      1    6    26   mov d5, d15
0008 8204      1    7    27   mov d4,#0
000A 91r0rrEr  1    8    28   movh.a a14,#@his(Os_ISRWrapper0)
000E D9EErrrr  1    9    29   lea a14,[a14]@los(Os_ISRWrapper0)
0012 DC0E      1   10    30   ji a14
                         31   .sdecl  '.text.inttab0.intvec.003',CODE
0000                     32   .sect   '.text.inttab0.intvec.003'
0000 4D00E0FF  1    1    33   mfcr d15, #0xFE00
0004 E00F      4    5    34   bisr #15
0006 02F5      1    6    35   mov d5, d15
0008 8214      1    7    36   mov d4,#1
000A 91r0rrEr  1    8    37   movh.a a14,#@his(Os_ISRWrapper0)
000E D9EErrrr  1    9    38   lea a14,[a14]@los(Os_ISRWrapper0)
0012 DC0E      1   10    39   ji a14
                         40   .sdecl  '.text.inttab0.intvec.004',CODE
0000                     41   .sect   '.text.inttab0.intvec.004'
0000 4D00E0FF  1    1    42   mfcr d15, #0xFE00
0004 E00F      4    5    43   bisr #15
0006 02F5      1    6    44   mov d5, d15
0008 8224      1    7    45   mov d4,#2
000A 91r0rrEr  1    8    46   movh.a a14,#@his(Os_ISRWrapper0)
000E D9EErrrr  1    9    47   lea a14,[a14]@los(Os_ISRWrapper0)
0012 DC0E      1   10    48   ji a14
                         49   .sdecl  '.text.inttab0.intvec.005',CODE
0000                     50   .sect   '.text.inttab0.intvec.005'
0000 4D00E0FF  1    1    51   mfcr d15, #0xFE00
0004 E00F      4    5    52   bisr #15
0006 02F5      1    6    53   mov d5, d15
0008 8234      1    7    54   mov d4,#3
000A 91r0rrEr  1    8    55   movh.a a14,#@his(Os_ISRWrapper0)
000E D9EErrrr  1    9    56   lea a14,[a14]@los(Os_ISRWrapper0)
0012 DC0E      1   10    57   ji a14
                         58   .sdecl  '.text.inttab0.intvec.006',CODE
0000                     59   .sect   '.text.inttab0.intvec.006'
0000 4D00E0FF  1    1    60   mfcr d15, #0xFE00
0004 E00F      4    5    61   bisr #15
0006 02F5      1    6    62   mov d5, d15
0008 8244      1    7    63   mov d4,#4
000A 91r0rrEr  1    8    64   movh.a a14,#@his(Os_ISRWrapper0)
000E D9EErrrr  1    9    65   lea a14,[a14]@los(Os_ISRWrapper0)
0012 DC0E      1   10    66   ji a14
                         67   .sdecl  '.text.inttab0.intvec.007',CODE
0000                     68   .sect   '.text.inttab0.intvec.007'
TASKING VX-toolset for TriCore: assembler v6.3r1 Build 19041558
                                                                                                                           Page   2

ADDR CODE      CYCLES  LINE SOURCE LINE
0000 4D00E0FF  1    1    69   mfcr d15, #0xFE00
0004 E00F      4    5    70   bisr #15
0006 02F5      1    6    71   mov d5, d15
0008 8254      1    7    72   mov d4,#5
000A 91r0rrEr  1    8    73   movh.a a14,#@his(Os_ISRWrapper0)
000E D9EErrrr  1    9    74   lea a14,[a14]@los(Os_ISRWrapper0)
0012 DC0E      1   10    75   ji a14
                         76   .sdecl  '.text.inttab0.intvec.008',CODE
0000                     77   .sect   '.text.inttab0.intvec.008'
0000 4D00E0FF  1    1    78   mfcr d15, #0xFE00
0004 E00F      4    5    79   bisr #15
0006 02F5      1    6    80   mov d5, d15
0008 8264      1    7    81   mov d4,#6
000A 91r0rrEr  1    8    82   movh.a a14,#@his(Os_ISRWrapper0)
000E D9EErrrr  1    9    83   lea a14,[a14]@los(Os_ISRWrapper0)
0012 DC0E      1   10    84   ji a14
                         85   .sdecl  '.text.inttab0.intvec.009',CODE
0000                     86   .sect   '.text.inttab0.intvec.009'
0000 4D00E0FF  1    1    87   mfcr d15, #0xFE00
0004 E00F      4    5    88   bisr #15
0006 02F5      1    6    89   mov d5, d15
0008 8274      1    7    90   mov d4,#7
000A 91r0rrEr  1    8    91   movh.a a14,#@his(Os_ISRWrapper0)
000E D9EErrrr  1    9    92   lea a14,[a14]@los(Os_ISRWrapper0)
0012 DC0E      1   10    93   ji a14
                         94   .sdecl  '.text.inttab0.intvec.00a',CODE
0000                     95   .sect   '.text.inttab0.intvec.00a'
0000 4D00E0FF  1    1    96   mfcr d15, #0xFE00
0004 E00F      4    5    97   bisr #15
0006 02F5      1    6    98   mov d5, d15
0008 3B800040  1    7    99   mov d4,#8
000C 91r0rrEr  1    8   100   movh.a a14,#@his(Os_ISRWrapper0)
0010 D9EErrrr  1    9   101   lea a14,[a14]@los(Os_ISRWrapper0)
0014 DC0E      1   10   102   ji a14
                        103   .sdecl  '.text.inttab0.intvec.00b',CODE
0000                    104   .sect   '.text.inttab0.intvec.00b'
0000 4D00E0FF  1    1   105   mfcr d15, #0xFE00
0004 E00F      4    5   106   bisr #15
0006 02F5      1    6   107   mov d5, d15
0008 3B900040  1    7   108   mov d4,#9
000C 91r0rrEr  1    8   109   movh.a a14,#@his(Os_ISRWrapper0)
0010 D9EErrrr  1    9   110   lea a14,[a14]@los(Os_ISRWrapper0)
0014 DC0E      1   10   111   ji a14
                        112   .sdecl  '.text.inttab0.intvec.00c',CODE
0000                    113   .sect   '.text.inttab0.intvec.00c'
0000 4D00E0FF  1    1   114   mfcr d15, #0xFE00
0004 E00F      4    5   115   bisr #15
0006 02F5      1    6   116   mov d5, d15
0008 3BA00040  1    7   117   mov d4,#10
000C 91r0rrEr  1    8   118   movh.a a14,#@his(Os_ISRWrapper0)
0010 D9EErrrr  1    9   119   lea a14,[a14]@los(Os_ISRWrapper0)
0014 DC0E      1   10   120   ji a14
                        121   .sdecl  '.text.inttab0.intvec.00d',CODE
0000                    122   .sect   '.text.inttab0.intvec.00d'
0000 4D00E0FF  1    1   123   mfcr d15, #0xFE00
0004 E00F      4    5   124   bisr #15
0006 02F5      1    6   125   mov d5, d15
0008 3BB00040  1    7   126   mov d4,#11
000C 91r0rrEr  1    8   127   movh.a a14,#@his(Os_ISRWrapper0)
0010 D9EErrrr  1    9   128   lea a14,[a14]@los(Os_ISRWrapper0)
0014 DC0E      1   10   129   ji a14
                        130   .sdecl  '.text.inttab0.intvec.00e',CODE
0000                    131   .sect   '.text.inttab0.intvec.00e'
0000 4D00E0FF  1    1   132   mfcr d15, #0xFE00
0004 E00F      4    5   133   bisr #15
0006 02F5      1    6   134   mov d5, d15
0008 3BC00040  1    7   135   mov d4,#12
000C 91r0rrEr  1    8   136   movh.a a14,#@his(Os_ISRWrapper0)
TASKING VX-toolset for TriCore: assembler v6.3r1 Build 19041558
                                                                                                                           Page   3

ADDR CODE      CYCLES  LINE SOURCE LINE
0010 D9EErrrr  1    9   137   lea a14,[a14]@los(Os_ISRWrapper0)
0014 DC0E      1   10   138   ji a14
                        139   .sdecl  '.text.inttab0.intvec.00f',CODE
0000                    140   .sect   '.text.inttab0.intvec.00f'
0000 4D00E0FF  1    1   141   mfcr d15, #0xFE00
0004 E00F      4    5   142   bisr #15
0006 02F5      1    6   143   mov d5, d15
0008 3BD00040  1    7   144   mov d4,#13
000C 91r0rrEr  1    8   145   movh.a a14,#@his(Os_ISRWrapper0)
0010 D9EErrrr  1    9   146   lea a14,[a14]@los(Os_ISRWrapper0)
0014 DC0E      1   10   147   ji a14
                        148   .sdecl  '.text.inttab0.intvec.012',CODE
0000                    149   .sect   '.text.inttab0.intvec.012'
0000 E0FF      4    4   150   bisr #255
0002 91r0rrEr  1    5   151   movh.a a14,#@his(DefaultInterruptHandler)
0006 D9EErrrr  1    6   152   lea a14,[a14]@los(DefaultInterruptHandler)
000A DC0E      1    7   153   ji a14
                        154   .sdecl  '.text.inttab0.intvec.013',CODE
0000                    155   .sect   '.text.inttab0.intvec.013'
0000 E0FF      4    4   156   bisr #255
0002 91r0rrEr  1    5   157   movh.a a14,#@his(DefaultInterruptHandler)
0006 D9EErrrr  1    6   158   lea a14,[a14]@los(DefaultInterruptHandler)
000A DC0E      1    7   159   ji a14
                        160   .sdecl  '.text.inttab0.intvec.014',CODE
0000                    161   .sect   '.text.inttab0.intvec.014'
0000 E0FF      4    4   162   bisr #255
0002 91r0rrEr  1    5   163   movh.a a14,#@his(DefaultInterruptHandler)
0006 D9EErrrr  1    6   164   lea a14,[a14]@los(DefaultInterruptHandler)
000A DC0E      1    7   165   ji a14
                        166   .sdecl  '.text.inttab0.intvec.015',CODE
0000                    167   .sect   '.text.inttab0.intvec.015'
0000 E0FF      4    4   168   bisr #255
0002 91r0rrEr  1    5   169   movh.a a14,#@his(DefaultInterruptHandler)
0006 D9EErrrr  1    6   170   lea a14,[a14]@los(DefaultInterruptHandler)
000A DC0E      1    7   171   ji a14
                        172   .sdecl  '.text.inttab0.intvec.016',CODE
0000                    173   .sect   '.text.inttab0.intvec.016'
0000 E0FF      4    4   174   bisr #255
0002 91r0rrEr  1    5   175   movh.a a14,#@his(DefaultInterruptHandler)
0006 D9EErrrr  1    6   176   lea a14,[a14]@los(DefaultInterruptHandler)
000A DC0E      1    7   177   ji a14
                        178   .sdecl  '.text.inttab0.intvec.017',CODE
0000                    179   .sect   '.text.inttab0.intvec.017'
0000 E0FF      4    4   180   bisr #255
0002 91r0rrEr  1    5   181   movh.a a14,#@his(DefaultInterruptHandler)
0006 D9EErrrr  1    6   182   lea a14,[a14]@los(DefaultInterruptHandler)
000A DC0E      1    7   183   ji a14
                        184   .sdecl  '.text.inttab0.intvec.018',CODE
0000                    185   .sect   '.text.inttab0.intvec.018'
0000 E0FF      4    4   186   bisr #255
0002 91r0rrEr  1    5   187   movh.a a14,#@his(DefaultInterruptHandler)
0006 D9EErrrr  1    6   188   lea a14,[a14]@los(DefaultInterruptHandler)
000A DC0E      1    7   189   ji a14
                        190   .sdecl  '.text.inttab0.intvec.019',CODE
0000                    191   .sect   '.text.inttab0.intvec.019'
0000 E0FF      4    4   192   bisr #255
0002 91r0rrEr  1    5   193   movh.a a14,#@his(DefaultInterruptHandler)
0006 D9EErrrr  1    6   194   lea a14,[a14]@los(DefaultInterruptHandler)
000A DC0E      1    7   195   ji a14
                        196   .sdecl  '.text.inttab0.intvec.01a',CODE
0000                    197   .sect   '.text.inttab0.intvec.01a'
0000 E0FF      4    4   198   bisr #255
0002 91r0rrEr  1    5   199   movh.a a14,#@his(DefaultInterruptHandler)
0006 D9EErrrr  1    6   200   lea a14,[a14]@los(DefaultInterruptHandler)
000A DC0E      1    7   201   ji a14
                        202   .sdecl  '.text.inttab0.intvec.01b',CODE
0000                    203   .sect   '.text.inttab0.intvec.01b'
0000 E0FF      4    4   204   bisr #255
TASKING VX-toolset for TriCore: assembler v6.3r1 Build 19041558
                                                                                                                           Page   4

ADDR CODE      CYCLES  LINE SOURCE LINE
0002 91r0rrEr  1    5   205   movh.a a14,#@his(DefaultInterruptHandler)
0006 D9EErrrr  1    6   206   lea a14,[a14]@los(DefaultInterruptHandler)
000A DC0E      1    7   207   ji a14
                        208   .sdecl  '.text.inttab0.intvec.01c',CODE
0000                    209   .sect   '.text.inttab0.intvec.01c'
0000 E0FF      4    4   210   bisr #255
0002 91r0rrEr  1    5   211   movh.a a14,#@his(DefaultInterruptHandler)
0006 D9EErrrr  1    6   212   lea a14,[a14]@los(DefaultInterruptHandler)
000A DC0E      1    7   213   ji a14
                        214   .sdecl  '.text.inttab0.intvec.01d',CODE
0000                    215   .sect   '.text.inttab0.intvec.01d'
0000 E0FF      4    4   216   bisr #255
0002 91r0rrEr  1    5   217   movh.a a14,#@his(DefaultInterruptHandler)
0006 D9EErrrr  1    6   218   lea a14,[a14]@los(DefaultInterruptHandler)
000A DC0E      1    7   219   ji a14
                        220   .sdecl  '.text.inttab0.intvec.01e',CODE
0000                    221   .sect   '.text.inttab0.intvec.01e'
0000 E0FF      4    4   222   bisr #255
0002 91r0rrEr  1    5   223   movh.a a14,#@his(DefaultInterruptHandler)
0006 D9EErrrr  1    6   224   lea a14,[a14]@los(DefaultInterruptHandler)
000A DC0E      1    7   225   ji a14
                        226   .sdecl  '.text.inttab0.intvec.01f',CODE
0000                    227   .sect   '.text.inttab0.intvec.01f'
0000 E0FF      4    4   228   bisr #255
0002 91r0rrEr  1    5   229   movh.a a14,#@his(DefaultInterruptHandler)
0006 D9EErrrr  1    6   230   lea a14,[a14]@los(DefaultInterruptHandler)
000A DC0E      1    7   231   ji a14
                        232   .sdecl  '.text.inttab0.intvec.020',CODE
0000                    233   .sect   '.text.inttab0.intvec.020'
0000 E0FF      4    4   234   bisr #255
0002 91r0rrEr  1    5   235   movh.a a14,#@his(DefaultInterruptHandler)
0006 D9EErrrr  1    6   236   lea a14,[a14]@los(DefaultInterruptHandler)
000A DC0E      1    7   237   ji a14
                        238   .sdecl  '.text.inttab0.intvec.021',CODE
0000                    239   .sect   '.text.inttab0.intvec.021'
0000 E0FF      4    4   240   bisr #255
0002 91r0rrEr  1    5   241   movh.a a14,#@his(DefaultInterruptHandler)
0006 D9EErrrr  1    6   242   lea a14,[a14]@los(DefaultInterruptHandler)
000A DC0E      1    7   243   ji a14
                        244   .sdecl  '.text.inttab0.intvec.022',CODE
0000                    245   .sect   '.text.inttab0.intvec.022'
0000 E0FF      4    4   246   bisr #255
0002 91r0rrEr  1    5   247   movh.a a14,#@his(DefaultInterruptHandler)
0006 D9EErrrr  1    6   248   lea a14,[a14]@los(DefaultInterruptHandler)
000A DC0E      1    7   249   ji a14
                        250   .sdecl  '.text.inttab0.intvec.023',CODE
0000                    251   .sect   '.text.inttab0.intvec.023'
0000 E0FF      4    4   252   bisr #255
0002 91r0rrEr  1    5   253   movh.a a14,#@his(DefaultInterruptHandler)
0006 D9EErrrr  1    6   254   lea a14,[a14]@los(DefaultInterruptHandler)
000A DC0E      1    7   255   ji a14
                        256   .sdecl  '.text.inttab0.intvec.024',CODE
0000                    257   .sect   '.text.inttab0.intvec.024'
0000 E0FF      4    4   258   bisr #255
0002 91r0rrEr  1    5   259   movh.a a14,#@his(DefaultInterruptHandler)
0006 D9EErrrr  1    6   260   lea a14,[a14]@los(DefaultInterruptHandler)
000A DC0E      1    7   261   ji a14
                        262   .sdecl  '.text.inttab0.intvec.025',CODE
0000                    263   .sect   '.text.inttab0.intvec.025'
0000 E0FF      4    4   264   bisr #255
0002 91r0rrEr  1    5   265   movh.a a14,#@his(DefaultInterruptHandler)
0006 D9EErrrr  1    6   266   lea a14,[a14]@los(DefaultInterruptHandler)
000A DC0E      1    7   267   ji a14
                        268   .sdecl  '.text.inttab0.intvec.026',CODE
0000                    269   .sect   '.text.inttab0.intvec.026'
0000 E0FF      4    4   270   bisr #255
0002 91r0rrEr  1    5   271   movh.a a14,#@his(DefaultInterruptHandler)
0006 D9EErrrr  1    6   272   lea a14,[a14]@los(DefaultInterruptHandler)
TASKING VX-toolset for TriCore: assembler v6.3r1 Build 19041558
                                                                                                                           Page   5

ADDR CODE      CYCLES  LINE SOURCE LINE
000A DC0E      1    7   273   ji a14
                        274   .sdecl  '.text.inttab0.intvec.027',CODE
0000                    275   .sect   '.text.inttab0.intvec.027'
0000 E0FF      4    4   276   bisr #255
0002 91r0rrEr  1    5   277   movh.a a14,#@his(DefaultInterruptHandler)
0006 D9EErrrr  1    6   278   lea a14,[a14]@los(DefaultInterruptHandler)
000A DC0E      1    7   279   ji a14
                        280   .sdecl  '.text.inttab0.intvec.028',CODE
0000                    281   .sect   '.text.inttab0.intvec.028'
0000 E0FF      4    4   282   bisr #255
0002 91r0rrEr  1    5   283   movh.a a14,#@his(DefaultInterruptHandler)
0006 D9EErrrr  1    6   284   lea a14,[a14]@los(DefaultInterruptHandler)
000A DC0E      1    7   285   ji a14
                        286   .sdecl  '.text.inttab0.intvec.029',CODE
0000                    287   .sect   '.text.inttab0.intvec.029'
0000 E0FF      4    4   288   bisr #255
0002 91r0rrEr  1    5   289   movh.a a14,#@his(DefaultInterruptHandler)
0006 D9EErrrr  1    6   290   lea a14,[a14]@los(DefaultInterruptHandler)
000A DC0E      1    7   291   ji a14
                        292   .sdecl  '.text.inttab0.intvec.02a',CODE
0000                    293   .sect   '.text.inttab0.intvec.02a'
0000 E0FF      4    4   294   bisr #255
0002 91r0rrEr  1    5   295   movh.a a14,#@his(DefaultInterruptHandler)
0006 D9EErrrr  1    6   296   lea a14,[a14]@los(DefaultInterruptHandler)
000A DC0E      1    7   297   ji a14
                        298   .sdecl  '.text.inttab0.intvec.02b',CODE
0000                    299   .sect   '.text.inttab0.intvec.02b'
0000 E0FF      4    4   300   bisr #255
0002 91r0rrEr  1    5   301   movh.a a14,#@his(DefaultInterruptHandler)
0006 D9EErrrr  1    6   302   lea a14,[a14]@los(DefaultInterruptHandler)
000A DC0E      1    7   303   ji a14
                        304   .sdecl  '.text.inttab0.intvec.02c',CODE
0000                    305   .sect   '.text.inttab0.intvec.02c'
0000 E0FF      4    4   306   bisr #255
0002 91r0rrEr  1    5   307   movh.a a14,#@his(DefaultInterruptHandler)
0006 D9EErrrr  1    6   308   lea a14,[a14]@los(DefaultInterruptHandler)
000A DC0E      1    7   309   ji a14
                        310   .sdecl  '.text.inttab0.intvec.02d',CODE
0000                    311   .sect   '.text.inttab0.intvec.02d'
0000 E0FF      4    4   312   bisr #255
0002 91r0rrEr  1    5   313   movh.a a14,#@his(DefaultInterruptHandler)
0006 D9EErrrr  1    6   314   lea a14,[a14]@los(DefaultInterruptHandler)
000A DC0E      1    7   315   ji a14
                        316   .sdecl  '.text.inttab0.intvec.02e',CODE
0000                    317   .sect   '.text.inttab0.intvec.02e'
0000 E0FF      4    4   318   bisr #255
0002 91r0rrEr  1    5   319   movh.a a14,#@his(DefaultInterruptHandler)
0006 D9EErrrr  1    6   320   lea a14,[a14]@los(DefaultInterruptHandler)
000A DC0E      1    7   321   ji a14
                        322   .sdecl  '.text.inttab0.intvec.02f',CODE
0000                    323   .sect   '.text.inttab0.intvec.02f'
0000 E0FF      4    4   324   bisr #255
0002 91r0rrEr  1    5   325   movh.a a14,#@his(DefaultInterruptHandler)
0006 D9EErrrr  1    6   326   lea a14,[a14]@los(DefaultInterruptHandler)
000A DC0E      1    7   327   ji a14
                        328   .sdecl  '.text.inttab0.intvec.030',CODE
0000                    329   .sect   '.text.inttab0.intvec.030'
0000 E0FF      4    4   330   bisr #255
0002 91r0rrEr  1    5   331   movh.a a14,#@his(DefaultInterruptHandler)
0006 D9EErrrr  1    6   332   lea a14,[a14]@los(DefaultInterruptHandler)
000A DC0E      1    7   333   ji a14
                        334   .sdecl  '.text.inttab0.intvec.031',CODE
0000                    335   .sect   '.text.inttab0.intvec.031'
0000 E0FF      4    4   336   bisr #255
0002 91r0rrEr  1    5   337   movh.a a14,#@his(DefaultInterruptHandler)
0006 D9EErrrr  1    6   338   lea a14,[a14]@los(DefaultInterruptHandler)
000A DC0E      1    7   339   ji a14
                        340   .sdecl  '.text.inttab0.intvec.032',CODE
TASKING VX-toolset for TriCore: assembler v6.3r1 Build 19041558
                                                                                                                           Page   6

ADDR CODE      CYCLES  LINE SOURCE LINE
0000                    341   .sect   '.text.inttab0.intvec.032'
0000 E0FF      4    4   342   bisr #255
0002 91r0rrEr  1    5   343   movh.a a14,#@his(DefaultInterruptHandler)
0006 D9EErrrr  1    6   344   lea a14,[a14]@los(DefaultInterruptHandler)
000A DC0E      1    7   345   ji a14
                        346   .sdecl  '.text.inttab0.intvec.033',CODE
0000                    347   .sect   '.text.inttab0.intvec.033'
0000 E0FF      4    4   348   bisr #255
0002 91r0rrEr  1    5   349   movh.a a14,#@his(DefaultInterruptHandler)
0006 D9EErrrr  1    6   350   lea a14,[a14]@los(DefaultInterruptHandler)
000A DC0E      1    7   351   ji a14
                        352   .sdecl  '.text.inttab0.intvec.034',CODE
0000                    353   .sect   '.text.inttab0.intvec.034'
0000 E0FF      4    4   354   bisr #255
0002 91r0rrEr  1    5   355   movh.a a14,#@his(DefaultInterruptHandler)
0006 D9EErrrr  1    6   356   lea a14,[a14]@los(DefaultInterruptHandler)
000A DC0E      1    7   357   ji a14
                        358   .sdecl  '.text.inttab0.intvec.035',CODE
0000                    359   .sect   '.text.inttab0.intvec.035'
0000 E0FF      4    4   360   bisr #255
0002 91r0rrEr  1    5   361   movh.a a14,#@his(DefaultInterruptHandler)
0006 D9EErrrr  1    6   362   lea a14,[a14]@los(DefaultInterruptHandler)
000A DC0E      1    7   363   ji a14
                        364   .sdecl  '.text.inttab0.intvec.036',CODE
0000                    365   .sect   '.text.inttab0.intvec.036'
0000 E0FF      4    4   366   bisr #255
0002 91r0rrEr  1    5   367   movh.a a14,#@his(DefaultInterruptHandler)
0006 D9EErrrr  1    6   368   lea a14,[a14]@los(DefaultInterruptHandler)
000A DC0E      1    7   369   ji a14
                        370   .sdecl  '.text.inttab0.intvec.037',CODE
0000                    371   .sect   '.text.inttab0.intvec.037'
0000 E0FF      4    4   372   bisr #255
0002 91r0rrEr  1    5   373   movh.a a14,#@his(DefaultInterruptHandler)
0006 D9EErrrr  1    6   374   lea a14,[a14]@los(DefaultInterruptHandler)
000A DC0E      1    7   375   ji a14
                        376   .sdecl  '.text.inttab0.intvec.038',CODE
0000                    377   .sect   '.text.inttab0.intvec.038'
0000 E0FF      4    4   378   bisr #255
0002 91r0rrEr  1    5   379   movh.a a14,#@his(DefaultInterruptHandler)
0006 D9EErrrr  1    6   380   lea a14,[a14]@los(DefaultInterruptHandler)
000A DC0E      1    7   381   ji a14
                        382   .sdecl  '.text.inttab0.intvec.039',CODE
0000                    383   .sect   '.text.inttab0.intvec.039'
0000 E0FF      4    4   384   bisr #255
0002 91r0rrEr  1    5   385   movh.a a14,#@his(DefaultInterruptHandler)
0006 D9EErrrr  1    6   386   lea a14,[a14]@los(DefaultInterruptHandler)
000A DC0E      1    7   387   ji a14
                        388   .sdecl  '.text.inttab0.intvec.03a',CODE
0000                    389   .sect   '.text.inttab0.intvec.03a'
0000 E0FF      4    4   390   bisr #255
0002 91r0rrEr  1    5   391   movh.a a14,#@his(DefaultInterruptHandler)
0006 D9EErrrr  1    6   392   lea a14,[a14]@los(DefaultInterruptHandler)
000A DC0E      1    7   393   ji a14
                        394   .sdecl  '.text.inttab0.intvec.03b',CODE
0000                    395   .sect   '.text.inttab0.intvec.03b'
0000 E0FF      4    4   396   bisr #255
0002 91r0rrEr  1    5   397   movh.a a14,#@his(DefaultInterruptHandler)
0006 D9EErrrr  1    6   398   lea a14,[a14]@los(DefaultInterruptHandler)
000A DC0E      1    7   399   ji a14
                        400   .sdecl  '.text.inttab0.intvec.03c',CODE
0000                    401   .sect   '.text.inttab0.intvec.03c'
0000 E0FF      4    4   402   bisr #255
0002 91r0rrEr  1    5   403   movh.a a14,#@his(DefaultInterruptHandler)
0006 D9EErrrr  1    6   404   lea a14,[a14]@los(DefaultInterruptHandler)
000A DC0E      1    7   405   ji a14
                        406   .sdecl  '.text.inttab0.intvec.03d',CODE
0000                    407   .sect   '.text.inttab0.intvec.03d'
0000 E0FF      4    4   408   bisr #255
TASKING VX-toolset for TriCore: assembler v6.3r1 Build 19041558
                                                                                                                           Page   7

ADDR CODE      CYCLES  LINE SOURCE LINE
0002 91r0rrEr  1    5   409   movh.a a14,#@his(DefaultInterruptHandler)
0006 D9EErrrr  1    6   410   lea a14,[a14]@los(DefaultInterruptHandler)
000A DC0E      1    7   411   ji a14
                        412   .sdecl  '.text.inttab0.intvec.03e',CODE
0000                    413   .sect   '.text.inttab0.intvec.03e'
0000 E0FF      4    4   414   bisr #255
0002 91r0rrEr  1    5   415   movh.a a14,#@his(DefaultInterruptHandler)
0006 D9EErrrr  1    6   416   lea a14,[a14]@los(DefaultInterruptHandler)
000A DC0E      1    7   417   ji a14
                        418   .sdecl  '.text.inttab0.intvec.03f',CODE
0000                    419   .sect   '.text.inttab0.intvec.03f'
0000 E0FF      4    4   420   bisr #255
0002 91r0rrEr  1    5   421   movh.a a14,#@his(DefaultInterruptHandler)
0006 D9EErrrr  1    6   422   lea a14,[a14]@los(DefaultInterruptHandler)
000A DC0E      1    7   423   ji a14
                        424   .sdecl  '.text.inttab0.intvec.040',CODE
0000                    425   .sect   '.text.inttab0.intvec.040'
0000 E0FF      4    4   426   bisr #255
0002 91r0rrEr  1    5   427   movh.a a14,#@his(DefaultInterruptHandler)
0006 D9EErrrr  1    6   428   lea a14,[a14]@los(DefaultInterruptHandler)
000A DC0E      1    7   429   ji a14
                        430   .sdecl  '.text.inttab0.intvec.041',CODE
0000                    431   .sect   '.text.inttab0.intvec.041'
0000 E0FF      4    4   432   bisr #255
0002 91r0rrEr  1    5   433   movh.a a14,#@his(DefaultInterruptHandler)
0006 D9EErrrr  1    6   434   lea a14,[a14]@los(DefaultInterruptHandler)
000A DC0E      1    7   435   ji a14
                        436   .sdecl  '.text.inttab0.intvec.042',CODE
0000                    437   .sect   '.text.inttab0.intvec.042'
0000 E0FF      4    4   438   bisr #255
0002 91r0rrEr  1    5   439   movh.a a14,#@his(DefaultInterruptHandler)
0006 D9EErrrr  1    6   440   lea a14,[a14]@los(DefaultInterruptHandler)
000A DC0E      1    7   441   ji a14
                        442   .sdecl  '.text.inttab0.intvec.043',CODE
0000                    443   .sect   '.text.inttab0.intvec.043'
0000 E0FF      4    4   444   bisr #255
0002 91r0rrEr  1    5   445   movh.a a14,#@his(DefaultInterruptHandler)
0006 D9EErrrr  1    6   446   lea a14,[a14]@los(DefaultInterruptHandler)
000A DC0E      1    7   447   ji a14
                        448   .sdecl  '.text.inttab0.intvec.044',CODE
0000                    449   .sect   '.text.inttab0.intvec.044'
0000 E0FF      4    4   450   bisr #255
0002 91r0rrEr  1    5   451   movh.a a14,#@his(DefaultInterruptHandler)
0006 D9EErrrr  1    6   452   lea a14,[a14]@los(DefaultInterruptHandler)
000A DC0E      1    7   453   ji a14
                        454   .sdecl  '.text.inttab0.intvec.045',CODE
0000                    455   .sect   '.text.inttab0.intvec.045'
0000 E0FF      4    4   456   bisr #255
0002 91r0rrEr  1    5   457   movh.a a14,#@his(DefaultInterruptHandler)
0006 D9EErrrr  1    6   458   lea a14,[a14]@los(DefaultInterruptHandler)
000A DC0E      1    7   459   ji a14
                        460   .sdecl  '.text.inttab0.intvec.046',CODE
0000                    461   .sect   '.text.inttab0.intvec.046'
0000 E0FF      4    4   462   bisr #255
0002 91r0rrEr  1    5   463   movh.a a14,#@his(DefaultInterruptHandler)
0006 D9EErrrr  1    6   464   lea a14,[a14]@los(DefaultInterruptHandler)
000A DC0E      1    7   465   ji a14
                        466   .sdecl  '.text.inttab0.intvec.047',CODE
0000                    467   .sect   '.text.inttab0.intvec.047'
0000 E0FF      4    4   468   bisr #255
0002 91r0rrEr  1    5   469   movh.a a14,#@his(DefaultInterruptHandler)
0006 D9EErrrr  1    6   470   lea a14,[a14]@los(DefaultInterruptHandler)
000A DC0E      1    7   471   ji a14
                        472   .sdecl  '.text.inttab0.intvec.048',CODE
0000                    473   .sect   '.text.inttab0.intvec.048'
0000 E0FF      4    4   474   bisr #255
0002 91r0rrEr  1    5   475   movh.a a14,#@his(DefaultInterruptHandler)
0006 D9EErrrr  1    6   476   lea a14,[a14]@los(DefaultInterruptHandler)
TASKING VX-toolset for TriCore: assembler v6.3r1 Build 19041558
                                                                                                                           Page   8

ADDR CODE      CYCLES  LINE SOURCE LINE
000A DC0E      1    7   477   ji a14
                        478   .sdecl  '.text.inttab0.intvec.049',CODE
0000                    479   .sect   '.text.inttab0.intvec.049'
0000 E0FF      4    4   480   bisr #255
0002 91r0rrEr  1    5   481   movh.a a14,#@his(DefaultInterruptHandler)
0006 D9EErrrr  1    6   482   lea a14,[a14]@los(DefaultInterruptHandler)
000A DC0E      1    7   483   ji a14
                        484   .sdecl  '.text.inttab0.intvec.04a',CODE
0000                    485   .sect   '.text.inttab0.intvec.04a'
0000 E0FF      4    4   486   bisr #255
0002 91r0rrEr  1    5   487   movh.a a14,#@his(DefaultInterruptHandler)
0006 D9EErrrr  1    6   488   lea a14,[a14]@los(DefaultInterruptHandler)
000A DC0E      1    7   489   ji a14
                        490   .sdecl  '.text.inttab0.intvec.04b',CODE
0000                    491   .sect   '.text.inttab0.intvec.04b'
0000 E0FF      4    4   492   bisr #255
0002 91r0rrEr  1    5   493   movh.a a14,#@his(DefaultInterruptHandler)
0006 D9EErrrr  1    6   494   lea a14,[a14]@los(DefaultInterruptHandler)
000A DC0E      1    7   495   ji a14
                        496   .sdecl  '.text.inttab0.intvec.04c',CODE
0000                    497   .sect   '.text.inttab0.intvec.04c'
0000 E0FF      4    4   498   bisr #255
0002 91r0rrEr  1    5   499   movh.a a14,#@his(DefaultInterruptHandler)
0006 D9EErrrr  1    6   500   lea a14,[a14]@los(DefaultInterruptHandler)
000A DC0E      1    7   501   ji a14
                        502   .sdecl  '.text.inttab0.intvec.04d',CODE
0000                    503   .sect   '.text.inttab0.intvec.04d'
0000 E0FF      4    4   504   bisr #255
0002 91r0rrEr  1    5   505   movh.a a14,#@his(DefaultInterruptHandler)
0006 D9EErrrr  1    6   506   lea a14,[a14]@los(DefaultInterruptHandler)
000A DC0E      1    7   507   ji a14
                        508   .sdecl  '.text.inttab0.intvec.04e',CODE
0000                    509   .sect   '.text.inttab0.intvec.04e'
0000 E0FF      4    4   510   bisr #255
0002 91r0rrEr  1    5   511   movh.a a14,#@his(DefaultInterruptHandler)
0006 D9EErrrr  1    6   512   lea a14,[a14]@los(DefaultInterruptHandler)
000A DC0E      1    7   513   ji a14
                        514   .sdecl  '.text.inttab0.intvec.04f',CODE
0000                    515   .sect   '.text.inttab0.intvec.04f'
0000 E0FF      4    4   516   bisr #255
0002 91r0rrEr  1    5   517   movh.a a14,#@his(DefaultInterruptHandler)
0006 D9EErrrr  1    6   518   lea a14,[a14]@los(DefaultInterruptHandler)
000A DC0E      1    7   519   ji a14
                        520   .sdecl  '.text.inttab0.intvec.050',CODE
0000                    521   .sect   '.text.inttab0.intvec.050'
0000 E0FF      4    4   522   bisr #255
0002 91r0rrEr  1    5   523   movh.a a14,#@his(DefaultInterruptHandler)
0006 D9EErrrr  1    6   524   lea a14,[a14]@los(DefaultInterruptHandler)
000A DC0E      1    7   525   ji a14
                        526   .sdecl  '.text.inttab0.intvec.051',CODE
0000                    527   .sect   '.text.inttab0.intvec.051'
0000 E0FF      4    4   528   bisr #255
0002 91r0rrEr  1    5   529   movh.a a14,#@his(DefaultInterruptHandler)
0006 D9EErrrr  1    6   530   lea a14,[a14]@los(DefaultInterruptHandler)
000A DC0E      1    7   531   ji a14
                        532   .sdecl  '.text.inttab0.intvec.052',CODE
0000                    533   .sect   '.text.inttab0.intvec.052'
0000 E0FF      4    4   534   bisr #255
0002 91r0rrEr  1    5   535   movh.a a14,#@his(DefaultInterruptHandler)
0006 D9EErrrr  1    6   536   lea a14,[a14]@los(DefaultInterruptHandler)
000A DC0E      1    7   537   ji a14
                        538   .sdecl  '.text.inttab0.intvec.053',CODE
0000                    539   .sect   '.text.inttab0.intvec.053'
0000 E0FF      4    4   540   bisr #255
0002 91r0rrEr  1    5   541   movh.a a14,#@his(DefaultInterruptHandler)
0006 D9EErrrr  1    6   542   lea a14,[a14]@los(DefaultInterruptHandler)
000A DC0E      1    7   543   ji a14
                        544   .sdecl  '.text.inttab0.intvec.054',CODE
TASKING VX-toolset for TriCore: assembler v6.3r1 Build 19041558
                                                                                                                           Page   9

ADDR CODE      CYCLES  LINE SOURCE LINE
0000                    545   .sect   '.text.inttab0.intvec.054'
0000 E0FF      4    4   546   bisr #255
0002 91r0rrEr  1    5   547   movh.a a14,#@his(DefaultInterruptHandler)
0006 D9EErrrr  1    6   548   lea a14,[a14]@los(DefaultInterruptHandler)
000A DC0E      1    7   549   ji a14
                        550   .sdecl  '.text.inttab0.intvec.055',CODE
0000                    551   .sect   '.text.inttab0.intvec.055'
0000 E0FF      4    4   552   bisr #255
0002 91r0rrEr  1    5   553   movh.a a14,#@his(DefaultInterruptHandler)
0006 D9EErrrr  1    6   554   lea a14,[a14]@los(DefaultInterruptHandler)
000A DC0E      1    7   555   ji a14
                        556   .sdecl  '.text.inttab0.intvec.056',CODE
0000                    557   .sect   '.text.inttab0.intvec.056'
0000 E0FF      4    4   558   bisr #255
0002 91r0rrEr  1    5   559   movh.a a14,#@his(DefaultInterruptHandler)
0006 D9EErrrr  1    6   560   lea a14,[a14]@los(DefaultInterruptHandler)
000A DC0E      1    7   561   ji a14
                        562   .sdecl  '.text.inttab0.intvec.057',CODE
0000                    563   .sect   '.text.inttab0.intvec.057'
0000 E0FF      4    4   564   bisr #255
0002 91r0rrEr  1    5   565   movh.a a14,#@his(DefaultInterruptHandler)
0006 D9EErrrr  1    6   566   lea a14,[a14]@los(DefaultInterruptHandler)
000A DC0E      1    7   567   ji a14
                        568   .sdecl  '.text.inttab0.intvec.058',CODE
0000                    569   .sect   '.text.inttab0.intvec.058'
0000 E0FF      4    4   570   bisr #255
0002 91r0rrEr  1    5   571   movh.a a14,#@his(DefaultInterruptHandler)
0006 D9EErrrr  1    6   572   lea a14,[a14]@los(DefaultInterruptHandler)
000A DC0E      1    7   573   ji a14
                        574   .sdecl  '.text.inttab0.intvec.059',CODE
0000                    575   .sect   '.text.inttab0.intvec.059'
0000 E0FF      4    4   576   bisr #255
0002 91r0rrEr  1    5   577   movh.a a14,#@his(DefaultInterruptHandler)
0006 D9EErrrr  1    6   578   lea a14,[a14]@los(DefaultInterruptHandler)
000A DC0E      1    7   579   ji a14
                        580   .sdecl  '.text.inttab0.intvec.05a',CODE
0000                    581   .sect   '.text.inttab0.intvec.05a'
0000 E0FF      4    4   582   bisr #255
0002 91r0rrEr  1    5   583   movh.a a14,#@his(DefaultInterruptHandler)
0006 D9EErrrr  1    6   584   lea a14,[a14]@los(DefaultInterruptHandler)
000A DC0E      1    7   585   ji a14
                        586   .sdecl  '.text.inttab0.intvec.05b',CODE
0000                    587   .sect   '.text.inttab0.intvec.05b'
0000 E0FF      4    4   588   bisr #255
0002 91r0rrEr  1    5   589   movh.a a14,#@his(DefaultInterruptHandler)
0006 D9EErrrr  1    6   590   lea a14,[a14]@los(DefaultInterruptHandler)
000A DC0E      1    7   591   ji a14
                        592   .sdecl  '.text.inttab0.intvec.05c',CODE
0000                    593   .sect   '.text.inttab0.intvec.05c'
0000 E0FF      4    4   594   bisr #255
0002 91r0rrEr  1    5   595   movh.a a14,#@his(DefaultInterruptHandler)
0006 D9EErrrr  1    6   596   lea a14,[a14]@los(DefaultInterruptHandler)
000A DC0E      1    7   597   ji a14
                        598   .sdecl  '.text.inttab0.intvec.05d',CODE
0000                    599   .sect   '.text.inttab0.intvec.05d'
0000 E0FF      4    4   600   bisr #255
0002 91r0rrEr  1    5   601   movh.a a14,#@his(DefaultInterruptHandler)
0006 D9EErrrr  1    6   602   lea a14,[a14]@los(DefaultInterruptHandler)
000A DC0E      1    7   603   ji a14
                        604   .sdecl  '.text.inttab0.intvec.05e',CODE
0000                    605   .sect   '.text.inttab0.intvec.05e'
0000 E0FF      4    4   606   bisr #255
0002 91r0rrEr  1    5   607   movh.a a14,#@his(DefaultInterruptHandler)
0006 D9EErrrr  1    6   608   lea a14,[a14]@los(DefaultInterruptHandler)
000A DC0E      1    7   609   ji a14
                        610   .sdecl  '.text.inttab0.intvec.05f',CODE
0000                    611   .sect   '.text.inttab0.intvec.05f'
0000 E0FF      4    4   612   bisr #255
TASKING VX-toolset for TriCore: assembler v6.3r1 Build 19041558
                                                                                                                           Page  10

ADDR CODE      CYCLES  LINE SOURCE LINE
0002 91r0rrEr  1    5   613   movh.a a14,#@his(DefaultInterruptHandler)
0006 D9EErrrr  1    6   614   lea a14,[a14]@los(DefaultInterruptHandler)
000A DC0E      1    7   615   ji a14
                        616   .sdecl  '.text.inttab0.intvec.060',CODE
0000                    617   .sect   '.text.inttab0.intvec.060'
0000 E0FF      4    4   618   bisr #255
0002 91r0rrEr  1    5   619   movh.a a14,#@his(DefaultInterruptHandler)
0006 D9EErrrr  1    6   620   lea a14,[a14]@los(DefaultInterruptHandler)
000A DC0E      1    7   621   ji a14
                        622   .sdecl  '.text.inttab0.intvec.061',CODE
0000                    623   .sect   '.text.inttab0.intvec.061'
0000 E0FF      4    4   624   bisr #255
0002 91r0rrEr  1    5   625   movh.a a14,#@his(DefaultInterruptHandler)
0006 D9EErrrr  1    6   626   lea a14,[a14]@los(DefaultInterruptHandler)
000A DC0E      1    7   627   ji a14
                        628   .sdecl  '.text.inttab0.intvec.062',CODE
0000                    629   .sect   '.text.inttab0.intvec.062'
0000 E0FF      4    4   630   bisr #255
0002 91r0rrEr  1    5   631   movh.a a14,#@his(DefaultInterruptHandler)
0006 D9EErrrr  1    6   632   lea a14,[a14]@los(DefaultInterruptHandler)
000A DC0E      1    7   633   ji a14
                        634   .sdecl  '.text.inttab0.intvec.063',CODE
0000                    635   .sect   '.text.inttab0.intvec.063'
0000 E0FF      4    4   636   bisr #255
0002 91r0rrEr  1    5   637   movh.a a14,#@his(DefaultInterruptHandler)
0006 D9EErrrr  1    6   638   lea a14,[a14]@los(DefaultInterruptHandler)
000A DC0E      1    7   639   ji a14
                        640   .sdecl  '.text.inttab0.intvec.064',CODE
0000                    641   .sect   '.text.inttab0.intvec.064'
0000 E0FF      4    4   642   bisr #255
0002 91r0rrEr  1    5   643   movh.a a14,#@his(DefaultInterruptHandler)
0006 D9EErrrr  1    6   644   lea a14,[a14]@los(DefaultInterruptHandler)
000A DC0E      1    7   645   ji a14
                        646   .sdecl  '.text.inttab0.intvec.065',CODE
0000                    647   .sect   '.text.inttab0.intvec.065'
0000 E0FF      4    4   648   bisr #255
0002 91r0rrEr  1    5   649   movh.a a14,#@his(DefaultInterruptHandler)
0006 D9EErrrr  1    6   650   lea a14,[a14]@los(DefaultInterruptHandler)
000A DC0E      1    7   651   ji a14
                        652   .sdecl  '.text.inttab0.intvec.066',CODE
0000                    653   .sect   '.text.inttab0.intvec.066'
0000 E0FF      4    4   654   bisr #255
0002 91r0rrEr  1    5   655   movh.a a14,#@his(DefaultInterruptHandler)
0006 D9EErrrr  1    6   656   lea a14,[a14]@los(DefaultInterruptHandler)
000A DC0E      1    7   657   ji a14
                        658   .sdecl  '.text.inttab0.intvec.067',CODE
0000                    659   .sect   '.text.inttab0.intvec.067'
0000 E0FF      4    4   660   bisr #255
0002 91r0rrEr  1    5   661   movh.a a14,#@his(DefaultInterruptHandler)
0006 D9EErrrr  1    6   662   lea a14,[a14]@los(DefaultInterruptHandler)
000A DC0E      1    7   663   ji a14
                        664   .sdecl  '.text.inttab0.intvec.068',CODE
0000                    665   .sect   '.text.inttab0.intvec.068'
0000 E0FF      4    4   666   bisr #255
0002 91r0rrEr  1    5   667   movh.a a14,#@his(DefaultInterruptHandler)
0006 D9EErrrr  1    6   668   lea a14,[a14]@los(DefaultInterruptHandler)
000A DC0E      1    7   669   ji a14
                        670   .sdecl  '.text.inttab0.intvec.069',CODE
0000                    671   .sect   '.text.inttab0.intvec.069'
0000 E0FF      4    4   672   bisr #255
0002 91r0rrEr  1    5   673   movh.a a14,#@his(DefaultInterruptHandler)
0006 D9EErrrr  1    6   674   lea a14,[a14]@los(DefaultInterruptHandler)
000A DC0E      1    7   675   ji a14
                        676   .sdecl  '.text.inttab0.intvec.06a',CODE
0000                    677   .sect   '.text.inttab0.intvec.06a'
0000 E0FF      4    4   678   bisr #255
0002 91r0rrEr  1    5   679   movh.a a14,#@his(DefaultInterruptHandler)
0006 D9EErrrr  1    6   680   lea a14,[a14]@los(DefaultInterruptHandler)
TASKING VX-toolset for TriCore: assembler v6.3r1 Build 19041558
                                                                                                                           Page  11

ADDR CODE      CYCLES  LINE SOURCE LINE
000A DC0E      1    7   681   ji a14
                        682   .sdecl  '.text.inttab0.intvec.06b',CODE
0000                    683   .sect   '.text.inttab0.intvec.06b'
0000 E0FF      4    4   684   bisr #255
0002 91r0rrEr  1    5   685   movh.a a14,#@his(DefaultInterruptHandler)
0006 D9EErrrr  1    6   686   lea a14,[a14]@los(DefaultInterruptHandler)
000A DC0E      1    7   687   ji a14
                        688   .sdecl  '.text.inttab0.intvec.06c',CODE
0000                    689   .sect   '.text.inttab0.intvec.06c'
0000 E0FF      4    4   690   bisr #255
0002 91r0rrEr  1    5   691   movh.a a14,#@his(DefaultInterruptHandler)
0006 D9EErrrr  1    6   692   lea a14,[a14]@los(DefaultInterruptHandler)
000A DC0E      1    7   693   ji a14
                        694   .sdecl  '.text.inttab0.intvec.06d',CODE
0000                    695   .sect   '.text.inttab0.intvec.06d'
0000 E0FF      4    4   696   bisr #255
0002 91r0rrEr  1    5   697   movh.a a14,#@his(DefaultInterruptHandler)
0006 D9EErrrr  1    6   698   lea a14,[a14]@los(DefaultInterruptHandler)
000A DC0E      1    7   699   ji a14
                        700   .sdecl  '.text.inttab0.intvec.06e',CODE
0000                    701   .sect   '.text.inttab0.intvec.06e'
0000 E0FF      4    4   702   bisr #255
0002 91r0rrEr  1    5   703   movh.a a14,#@his(DefaultInterruptHandler)
0006 D9EErrrr  1    6   704   lea a14,[a14]@los(DefaultInterruptHandler)
000A DC0E      1    7   705   ji a14
                        706   .sdecl  '.text.inttab0.intvec.06f',CODE
0000                    707   .sect   '.text.inttab0.intvec.06f'
0000 E0FF      4    4   708   bisr #255
0002 91r0rrEr  1    5   709   movh.a a14,#@his(DefaultInterruptHandler)
0006 D9EErrrr  1    6   710   lea a14,[a14]@los(DefaultInterruptHandler)
000A DC0E      1    7   711   ji a14
                        712   .sdecl  '.text.inttab0.intvec.070',CODE
0000                    713   .sect   '.text.inttab0.intvec.070'
0000 E0FF      4    4   714   bisr #255
0002 91r0rrEr  1    5   715   movh.a a14,#@his(DefaultInterruptHandler)
0006 D9EErrrr  1    6   716   lea a14,[a14]@los(DefaultInterruptHandler)
000A DC0E      1    7   717   ji a14
                        718   .sdecl  '.text.inttab0.intvec.071',CODE
0000                    719   .sect   '.text.inttab0.intvec.071'
0000 E0FF      4    4   720   bisr #255
0002 91r0rrEr  1    5   721   movh.a a14,#@his(DefaultInterruptHandler)
0006 D9EErrrr  1    6   722   lea a14,[a14]@los(DefaultInterruptHandler)
000A DC0E      1    7   723   ji a14
                        724   .sdecl  '.text.inttab0.intvec.072',CODE
0000                    725   .sect   '.text.inttab0.intvec.072'
0000 E0FF      4    4   726   bisr #255
0002 91r0rrEr  1    5   727   movh.a a14,#@his(DefaultInterruptHandler)
0006 D9EErrrr  1    6   728   lea a14,[a14]@los(DefaultInterruptHandler)
000A DC0E      1    7   729   ji a14
                        730   .sdecl  '.text.inttab0.intvec.073',CODE
0000                    731   .sect   '.text.inttab0.intvec.073'
0000 E0FF      4    4   732   bisr #255
0002 91r0rrEr  1    5   733   movh.a a14,#@his(DefaultInterruptHandler)
0006 D9EErrrr  1    6   734   lea a14,[a14]@los(DefaultInterruptHandler)
000A DC0E      1    7   735   ji a14
                        736   .sdecl  '.text.inttab0.intvec.074',CODE
0000                    737   .sect   '.text.inttab0.intvec.074'
0000 E0FF      4    4   738   bisr #255
0002 91r0rrEr  1    5   739   movh.a a14,#@his(DefaultInterruptHandler)
0006 D9EErrrr  1    6   740   lea a14,[a14]@los(DefaultInterruptHandler)
000A DC0E      1    7   741   ji a14
                        742   .sdecl  '.text.inttab0.intvec.075',CODE
0000                    743   .sect   '.text.inttab0.intvec.075'
0000 E0FF      4    4   744   bisr #255
0002 91r0rrEr  1    5   745   movh.a a14,#@his(DefaultInterruptHandler)
0006 D9EErrrr  1    6   746   lea a14,[a14]@los(DefaultInterruptHandler)
000A DC0E      1    7   747   ji a14
                        748   .sdecl  '.text.inttab0.intvec.076',CODE
TASKING VX-toolset for TriCore: assembler v6.3r1 Build 19041558
                                                                                                                           Page  12

ADDR CODE      CYCLES  LINE SOURCE LINE
0000                    749   .sect   '.text.inttab0.intvec.076'
0000 E0FF      4    4   750   bisr #255
0002 91r0rrEr  1    5   751   movh.a a14,#@his(DefaultInterruptHandler)
0006 D9EErrrr  1    6   752   lea a14,[a14]@los(DefaultInterruptHandler)
000A DC0E      1    7   753   ji a14
                        754   .sdecl  '.text.inttab0.intvec.077',CODE
0000                    755   .sect   '.text.inttab0.intvec.077'
0000 E0FF      4    4   756   bisr #255
0002 91r0rrEr  1    5   757   movh.a a14,#@his(DefaultInterruptHandler)
0006 D9EErrrr  1    6   758   lea a14,[a14]@los(DefaultInterruptHandler)
000A DC0E      1    7   759   ji a14
                        760   .sdecl  '.text.inttab0.intvec.078',CODE
0000                    761   .sect   '.text.inttab0.intvec.078'
0000 E0FF      4    4   762   bisr #255
0002 91r0rrEr  1    5   763   movh.a a14,#@his(DefaultInterruptHandler)
0006 D9EErrrr  1    6   764   lea a14,[a14]@los(DefaultInterruptHandler)
000A DC0E      1    7   765   ji a14
                        766   .sdecl  '.text.inttab0.intvec.079',CODE
0000                    767   .sect   '.text.inttab0.intvec.079'
0000 E0FF      4    4   768   bisr #255
0002 91r0rrEr  1    5   769   movh.a a14,#@his(DefaultInterruptHandler)
0006 D9EErrrr  1    6   770   lea a14,[a14]@los(DefaultInterruptHandler)
000A DC0E      1    7   771   ji a14
                        772   .sdecl  '.text.inttab0.intvec.07a',CODE
0000                    773   .sect   '.text.inttab0.intvec.07a'
0000 E0FF      4    4   774   bisr #255
0002 91r0rrEr  1    5   775   movh.a a14,#@his(DefaultInterruptHandler)
0006 D9EErrrr  1    6   776   lea a14,[a14]@los(DefaultInterruptHandler)
000A DC0E      1    7   777   ji a14
                        778   .sdecl  '.text.inttab0.intvec.07b',CODE
0000                    779   .sect   '.text.inttab0.intvec.07b'
0000 E0FF      4    4   780   bisr #255
0002 91r0rrEr  1    5   781   movh.a a14,#@his(DefaultInterruptHandler)
0006 D9EErrrr  1    6   782   lea a14,[a14]@los(DefaultInterruptHandler)
000A DC0E      1    7   783   ji a14
                        784   .sdecl  '.text.inttab0.intvec.07c',CODE
0000                    785   .sect   '.text.inttab0.intvec.07c'
0000 E0FF      4    4   786   bisr #255
0002 91r0rrEr  1    5   787   movh.a a14,#@his(DefaultInterruptHandler)
0006 D9EErrrr  1    6   788   lea a14,[a14]@los(DefaultInterruptHandler)
000A DC0E      1    7   789   ji a14
                        790   .sdecl  '.text.inttab0.intvec.07d',CODE
0000                    791   .sect   '.text.inttab0.intvec.07d'
0000 E0FF      4    4   792   bisr #255
0002 91r0rrEr  1    5   793   movh.a a14,#@his(DefaultInterruptHandler)
0006 D9EErrrr  1    6   794   lea a14,[a14]@los(DefaultInterruptHandler)
000A DC0E      1    7   795   ji a14
                        796   .sdecl  '.text.inttab0.intvec.07e',CODE
0000                    797   .sect   '.text.inttab0.intvec.07e'
0000 E0FF      4    4   798   bisr #255
0002 91r0rrEr  1    5   799   movh.a a14,#@his(DefaultInterruptHandler)
0006 D9EErrrr  1    6   800   lea a14,[a14]@los(DefaultInterruptHandler)
000A DC0E      1    7   801   ji a14
                        802   .sdecl  '.text.inttab0.intvec.07f',CODE
0000                    803   .sect   '.text.inttab0.intvec.07f'
0000 E0FF      4    4   804   bisr #255
0002 91r0rrEr  1    5   805   movh.a a14,#@his(DefaultInterruptHandler)
0006 D9EErrrr  1    6   806   lea a14,[a14]@los(DefaultInterruptHandler)
000A DC0E      1    7   807   ji a14
                        808   .sdecl  '.text.inttab0.intvec.080',CODE
0000                    809   .sect   '.text.inttab0.intvec.080'
0000 E0FF      4    4   810   bisr #255
0002 91r0rrEr  1    5   811   movh.a a14,#@his(DefaultInterruptHandler)
0006 D9EErrrr  1    6   812   lea a14,[a14]@los(DefaultInterruptHandler)
000A DC0E      1    7   813   ji a14
                        814   .sdecl  '.text.inttab0.intvec.081',CODE
0000                    815   .sect   '.text.inttab0.intvec.081'
0000 E0FF      4    4   816   bisr #255
TASKING VX-toolset for TriCore: assembler v6.3r1 Build 19041558
                                                                                                                           Page  13

ADDR CODE      CYCLES  LINE SOURCE LINE
0002 91r0rrEr  1    5   817   movh.a a14,#@his(DefaultInterruptHandler)
0006 D9EErrrr  1    6   818   lea a14,[a14]@los(DefaultInterruptHandler)
000A DC0E      1    7   819   ji a14
                        820   .sdecl  '.text.inttab0.intvec.082',CODE
0000                    821   .sect   '.text.inttab0.intvec.082'
0000 E0FF      4    4   822   bisr #255
0002 91r0rrEr  1    5   823   movh.a a14,#@his(DefaultInterruptHandler)
0006 D9EErrrr  1    6   824   lea a14,[a14]@los(DefaultInterruptHandler)
000A DC0E      1    7   825   ji a14
                        826   .sdecl  '.text.inttab0.intvec.083',CODE
0000                    827   .sect   '.text.inttab0.intvec.083'
0000 E0FF      4    4   828   bisr #255
0002 91r0rrEr  1    5   829   movh.a a14,#@his(DefaultInterruptHandler)
0006 D9EErrrr  1    6   830   lea a14,[a14]@los(DefaultInterruptHandler)
000A DC0E      1    7   831   ji a14
                        832   .sdecl  '.text.inttab0.intvec.084',CODE
0000                    833   .sect   '.text.inttab0.intvec.084'
0000 E0FF      4    4   834   bisr #255
0002 91r0rrEr  1    5   835   movh.a a14,#@his(DefaultInterruptHandler)
0006 D9EErrrr  1    6   836   lea a14,[a14]@los(DefaultInterruptHandler)
000A DC0E      1    7   837   ji a14
                        838   .sdecl  '.text.inttab0.intvec.085',CODE
0000                    839   .sect   '.text.inttab0.intvec.085'
0000 E0FF      4    4   840   bisr #255
0002 91r0rrEr  1    5   841   movh.a a14,#@his(DefaultInterruptHandler)
0006 D9EErrrr  1    6   842   lea a14,[a14]@los(DefaultInterruptHandler)
000A DC0E      1    7   843   ji a14
                        844   .sdecl  '.text.inttab0.intvec.086',CODE
0000                    845   .sect   '.text.inttab0.intvec.086'
0000 E0FF      4    4   846   bisr #255
0002 91r0rrEr  1    5   847   movh.a a14,#@his(DefaultInterruptHandler)
0006 D9EErrrr  1    6   848   lea a14,[a14]@los(DefaultInterruptHandler)
000A DC0E      1    7   849   ji a14
                        850   .sdecl  '.text.inttab0.intvec.087',CODE
0000                    851   .sect   '.text.inttab0.intvec.087'
0000 E0FF      4    4   852   bisr #255
0002 91r0rrEr  1    5   853   movh.a a14,#@his(DefaultInterruptHandler)
0006 D9EErrrr  1    6   854   lea a14,[a14]@los(DefaultInterruptHandler)
000A DC0E      1    7   855   ji a14
                        856   .sdecl  '.text.inttab0.intvec.088',CODE
0000                    857   .sect   '.text.inttab0.intvec.088'
0000 E0FF      4    4   858   bisr #255
0002 91r0rrEr  1    5   859   movh.a a14,#@his(DefaultInterruptHandler)
0006 D9EErrrr  1    6   860   lea a14,[a14]@los(DefaultInterruptHandler)
000A DC0E      1    7   861   ji a14
                        862   .sdecl  '.text.inttab0.intvec.089',CODE
0000                    863   .sect   '.text.inttab0.intvec.089'
0000 E0FF      4    4   864   bisr #255
0002 91r0rrEr  1    5   865   movh.a a14,#@his(DefaultInterruptHandler)
0006 D9EErrrr  1    6   866   lea a14,[a14]@los(DefaultInterruptHandler)
000A DC0E      1    7   867   ji a14
                        868   .sdecl  '.text.inttab0.intvec.08a',CODE
0000                    869   .sect   '.text.inttab0.intvec.08a'
0000 E0FF      4    4   870   bisr #255
0002 91r0rrEr  1    5   871   movh.a a14,#@his(DefaultInterruptHandler)
0006 D9EErrrr  1    6   872   lea a14,[a14]@los(DefaultInterruptHandler)
000A DC0E      1    7   873   ji a14
                        874   .sdecl  '.text.inttab0.intvec.08b',CODE
0000                    875   .sect   '.text.inttab0.intvec.08b'
0000 E0FF      4    4   876   bisr #255
0002 91r0rrEr  1    5   877   movh.a a14,#@his(DefaultInterruptHandler)
0006 D9EErrrr  1    6   878   lea a14,[a14]@los(DefaultInterruptHandler)
000A DC0E      1    7   879   ji a14
                        880   .sdecl  '.text.inttab0.intvec.08c',CODE
0000                    881   .sect   '.text.inttab0.intvec.08c'
0000 E0FF      4    4   882   bisr #255
0002 91r0rrEr  1    5   883   movh.a a14,#@his(DefaultInterruptHandler)
0006 D9EErrrr  1    6   884   lea a14,[a14]@los(DefaultInterruptHandler)
TASKING VX-toolset for TriCore: assembler v6.3r1 Build 19041558
                                                                                                                           Page  14

ADDR CODE      CYCLES  LINE SOURCE LINE
000A DC0E      1    7   885   ji a14
                        886   .sdecl  '.text.inttab0.intvec.08d',CODE
0000                    887   .sect   '.text.inttab0.intvec.08d'
0000 E0FF      4    4   888   bisr #255
0002 91r0rrEr  1    5   889   movh.a a14,#@his(DefaultInterruptHandler)
0006 D9EErrrr  1    6   890   lea a14,[a14]@los(DefaultInterruptHandler)
000A DC0E      1    7   891   ji a14
                        892   .sdecl  '.text.inttab0.intvec.08e',CODE
0000                    893   .sect   '.text.inttab0.intvec.08e'
0000 E0FF      4    4   894   bisr #255
0002 91r0rrEr  1    5   895   movh.a a14,#@his(DefaultInterruptHandler)
0006 D9EErrrr  1    6   896   lea a14,[a14]@los(DefaultInterruptHandler)
000A DC0E      1    7   897   ji a14
                        898   .sdecl  '.text.inttab0.intvec.08f',CODE
0000                    899   .sect   '.text.inttab0.intvec.08f'
0000 E0FF      4    4   900   bisr #255
0002 91r0rrEr  1    5   901   movh.a a14,#@his(DefaultInterruptHandler)
0006 D9EErrrr  1    6   902   lea a14,[a14]@los(DefaultInterruptHandler)
000A DC0E      1    7   903   ji a14
                        904   .sdecl  '.text.inttab0.intvec.090',CODE
0000                    905   .sect   '.text.inttab0.intvec.090'
0000 E0FF      4    4   906   bisr #255
0002 91r0rrEr  1    5   907   movh.a a14,#@his(DefaultInterruptHandler)
0006 D9EErrrr  1    6   908   lea a14,[a14]@los(DefaultInterruptHandler)
000A DC0E      1    7   909   ji a14
                        910   .sdecl  '.text.inttab0.intvec.091',CODE
0000                    911   .sect   '.text.inttab0.intvec.091'
0000 E0FF      4    4   912   bisr #255
0002 91r0rrEr  1    5   913   movh.a a14,#@his(DefaultInterruptHandler)
0006 D9EErrrr  1    6   914   lea a14,[a14]@los(DefaultInterruptHandler)
000A DC0E      1    7   915   ji a14
                        916   .sdecl  '.text.inttab0.intvec.092',CODE
0000                    917   .sect   '.text.inttab0.intvec.092'
0000 E0FF      4    4   918   bisr #255
0002 91r0rrEr  1    5   919   movh.a a14,#@his(DefaultInterruptHandler)
0006 D9EErrrr  1    6   920   lea a14,[a14]@los(DefaultInterruptHandler)
000A DC0E      1    7   921   ji a14
                        922   .sdecl  '.text.inttab0.intvec.093',CODE
0000                    923   .sect   '.text.inttab0.intvec.093'
0000 E0FF      4    4   924   bisr #255
0002 91r0rrEr  1    5   925   movh.a a14,#@his(DefaultInterruptHandler)
0006 D9EErrrr  1    6   926   lea a14,[a14]@los(DefaultInterruptHandler)
000A DC0E      1    7   927   ji a14
                        928   .sdecl  '.text.inttab0.intvec.094',CODE
0000                    929   .sect   '.text.inttab0.intvec.094'
0000 E0FF      4    4   930   bisr #255
0002 91r0rrEr  1    5   931   movh.a a14,#@his(DefaultInterruptHandler)
0006 D9EErrrr  1    6   932   lea a14,[a14]@los(DefaultInterruptHandler)
000A DC0E      1    7   933   ji a14
                        934   .sdecl  '.text.inttab0.intvec.095',CODE
0000                    935   .sect   '.text.inttab0.intvec.095'
0000 E0FF      4    4   936   bisr #255
0002 91r0rrEr  1    5   937   movh.a a14,#@his(DefaultInterruptHandler)
0006 D9EErrrr  1    6   938   lea a14,[a14]@los(DefaultInterruptHandler)
000A DC0E      1    7   939   ji a14
                        940   .sdecl  '.text.inttab0.intvec.096',CODE
0000                    941   .sect   '.text.inttab0.intvec.096'
0000 E0FF      4    4   942   bisr #255
0002 91r0rrEr  1    5   943   movh.a a14,#@his(DefaultInterruptHandler)
0006 D9EErrrr  1    6   944   lea a14,[a14]@los(DefaultInterruptHandler)
000A DC0E      1    7   945   ji a14
                        946   .sdecl  '.text.inttab0.intvec.097',CODE
0000                    947   .sect   '.text.inttab0.intvec.097'
0000 E0FF      4    4   948   bisr #255
0002 91r0rrEr  1    5   949   movh.a a14,#@his(DefaultInterruptHandler)
0006 D9EErrrr  1    6   950   lea a14,[a14]@los(DefaultInterruptHandler)
000A DC0E      1    7   951   ji a14
                        952   .sdecl  '.text.inttab0.intvec.098',CODE
TASKING VX-toolset for TriCore: assembler v6.3r1 Build 19041558
                                                                                                                           Page  15

ADDR CODE      CYCLES  LINE SOURCE LINE
0000                    953   .sect   '.text.inttab0.intvec.098'
0000 E0FF      4    4   954   bisr #255
0002 91r0rrEr  1    5   955   movh.a a14,#@his(DefaultInterruptHandler)
0006 D9EErrrr  1    6   956   lea a14,[a14]@los(DefaultInterruptHandler)
000A DC0E      1    7   957   ji a14
                        958   .sdecl  '.text.inttab0.intvec.099',CODE
0000                    959   .sect   '.text.inttab0.intvec.099'
0000 E0FF      4    4   960   bisr #255
0002 91r0rrEr  1    5   961   movh.a a14,#@his(DefaultInterruptHandler)
0006 D9EErrrr  1    6   962   lea a14,[a14]@los(DefaultInterruptHandler)
000A DC0E      1    7   963   ji a14
                        964   .sdecl  '.text.inttab0.intvec.09a',CODE
0000                    965   .sect   '.text.inttab0.intvec.09a'
0000 E0FF      4    4   966   bisr #255
0002 91r0rrEr  1    5   967   movh.a a14,#@his(DefaultInterruptHandler)
0006 D9EErrrr  1    6   968   lea a14,[a14]@los(DefaultInterruptHandler)
000A DC0E      1    7   969   ji a14
                        970   .sdecl  '.text.inttab0.intvec.09b',CODE
0000                    971   .sect   '.text.inttab0.intvec.09b'
0000 E0FF      4    4   972   bisr #255
0002 91r0rrEr  1    5   973   movh.a a14,#@his(DefaultInterruptHandler)
0006 D9EErrrr  1    6   974   lea a14,[a14]@los(DefaultInterruptHandler)
000A DC0E      1    7   975   ji a14
                        976   .sdecl  '.text.inttab0.intvec.09c',CODE
0000                    977   .sect   '.text.inttab0.intvec.09c'
0000 E0FF      4    4   978   bisr #255
0002 91r0rrEr  1    5   979   movh.a a14,#@his(DefaultInterruptHandler)
0006 D9EErrrr  1    6   980   lea a14,[a14]@los(DefaultInterruptHandler)
000A DC0E      1    7   981   ji a14
                        982   .sdecl  '.text.inttab0.intvec.09d',CODE
0000                    983   .sect   '.text.inttab0.intvec.09d'
0000 E0FF      4    4   984   bisr #255
0002 91r0rrEr  1    5   985   movh.a a14,#@his(DefaultInterruptHandler)
0006 D9EErrrr  1    6   986   lea a14,[a14]@los(DefaultInterruptHandler)
000A DC0E      1    7   987   ji a14
                        988   .sdecl  '.text.inttab0.intvec.09e',CODE
0000                    989   .sect   '.text.inttab0.intvec.09e'
0000 E0FF      4    4   990   bisr #255
0002 91r0rrEr  1    5   991   movh.a a14,#@his(DefaultInterruptHandler)
0006 D9EErrrr  1    6   992   lea a14,[a14]@los(DefaultInterruptHandler)
000A DC0E      1    7   993   ji a14
                        994   .sdecl  '.text.inttab0.intvec.09f',CODE
0000                    995   .sect   '.text.inttab0.intvec.09f'
0000 E0FF      4    4   996   bisr #255
0002 91r0rrEr  1    5   997   movh.a a14,#@his(DefaultInterruptHandler)
0006 D9EErrrr  1    6   998   lea a14,[a14]@los(DefaultInterruptHandler)
000A DC0E      1    7   999   ji a14
                       1000   .sdecl  '.text.inttab0.intvec.0a0',CODE
0000                   1001   .sect   '.text.inttab0.intvec.0a0'
0000 E0FF      4    4  1002   bisr #255
0002 91r0rrEr  1    5  1003   movh.a a14,#@his(DefaultInterruptHandler)
0006 D9EErrrr  1    6  1004   lea a14,[a14]@los(DefaultInterruptHandler)
000A DC0E      1    7  1005   ji a14
                       1006   .sdecl  '.text.inttab0.intvec.0a1',CODE
0000                   1007   .sect   '.text.inttab0.intvec.0a1'
0000 E0FF      4    4  1008   bisr #255
0002 91r0rrEr  1    5  1009   movh.a a14,#@his(DefaultInterruptHandler)
0006 D9EErrrr  1    6  1010   lea a14,[a14]@los(DefaultInterruptHandler)
000A DC0E      1    7  1011   ji a14
                       1012   .sdecl  '.text.inttab0.intvec.0a2',CODE
0000                   1013   .sect   '.text.inttab0.intvec.0a2'
0000 E0FF      4    4  1014   bisr #255
0002 91r0rrEr  1    5  1015   movh.a a14,#@his(DefaultInterruptHandler)
0006 D9EErrrr  1    6  1016   lea a14,[a14]@los(DefaultInterruptHandler)
000A DC0E      1    7  1017   ji a14
                       1018   .sdecl  '.text.inttab0.intvec.0a3',CODE
0000                   1019   .sect   '.text.inttab0.intvec.0a3'
0000 E0FF      4    4  1020   bisr #255
TASKING VX-toolset for TriCore: assembler v6.3r1 Build 19041558
                                                                                                                           Page  16

ADDR CODE      CYCLES  LINE SOURCE LINE
0002 91r0rrEr  1    5  1021   movh.a a14,#@his(DefaultInterruptHandler)
0006 D9EErrrr  1    6  1022   lea a14,[a14]@los(DefaultInterruptHandler)
000A DC0E      1    7  1023   ji a14
                       1024   .sdecl  '.text.inttab0.intvec.0a4',CODE
0000                   1025   .sect   '.text.inttab0.intvec.0a4'
0000 E0FF      4    4  1026   bisr #255
0002 91r0rrEr  1    5  1027   movh.a a14,#@his(DefaultInterruptHandler)
0006 D9EErrrr  1    6  1028   lea a14,[a14]@los(DefaultInterruptHandler)
000A DC0E      1    7  1029   ji a14
                       1030   .sdecl  '.text.inttab0.intvec.0a5',CODE
0000                   1031   .sect   '.text.inttab0.intvec.0a5'
0000 E0FF      4    4  1032   bisr #255
0002 91r0rrEr  1    5  1033   movh.a a14,#@his(DefaultInterruptHandler)
0006 D9EErrrr  1    6  1034   lea a14,[a14]@los(DefaultInterruptHandler)
000A DC0E      1    7  1035   ji a14
                       1036   .sdecl  '.text.inttab0.intvec.0a6',CODE
0000                   1037   .sect   '.text.inttab0.intvec.0a6'
0000 E0FF      4    4  1038   bisr #255
0002 91r0rrEr  1    5  1039   movh.a a14,#@his(DefaultInterruptHandler)
0006 D9EErrrr  1    6  1040   lea a14,[a14]@los(DefaultInterruptHandler)
000A DC0E      1    7  1041   ji a14
                       1042   .sdecl  '.text.inttab0.intvec.0a7',CODE
0000                   1043   .sect   '.text.inttab0.intvec.0a7'
0000 E0FF      4    4  1044   bisr #255
0002 91r0rrEr  1    5  1045   movh.a a14,#@his(DefaultInterruptHandler)
0006 D9EErrrr  1    6  1046   lea a14,[a14]@los(DefaultInterruptHandler)
000A DC0E      1    7  1047   ji a14
                       1048   .sdecl  '.text.inttab0.intvec.0a8',CODE
0000                   1049   .sect   '.text.inttab0.intvec.0a8'
0000 E0FF      4    4  1050   bisr #255
0002 91r0rrEr  1    5  1051   movh.a a14,#@his(DefaultInterruptHandler)
0006 D9EErrrr  1    6  1052   lea a14,[a14]@los(DefaultInterruptHandler)
000A DC0E      1    7  1053   ji a14
                       1054   .sdecl  '.text.inttab0.intvec.0a9',CODE
0000                   1055   .sect   '.text.inttab0.intvec.0a9'
0000 E0FF      4    4  1056   bisr #255
0002 91r0rrEr  1    5  1057   movh.a a14,#@his(DefaultInterruptHandler)
0006 D9EErrrr  1    6  1058   lea a14,[a14]@los(DefaultInterruptHandler)
000A DC0E      1    7  1059   ji a14
                       1060   .sdecl  '.text.inttab0.intvec.0aa',CODE
0000                   1061   .sect   '.text.inttab0.intvec.0aa'
0000 E0FF      4    4  1062   bisr #255
0002 91r0rrEr  1    5  1063   movh.a a14,#@his(DefaultInterruptHandler)
0006 D9EErrrr  1    6  1064   lea a14,[a14]@los(DefaultInterruptHandler)
000A DC0E      1    7  1065   ji a14
                       1066   .sdecl  '.text.inttab0.intvec.0ab',CODE
0000                   1067   .sect   '.text.inttab0.intvec.0ab'
0000 E0FF      4    4  1068   bisr #255
0002 91r0rrEr  1    5  1069   movh.a a14,#@his(DefaultInterruptHandler)
0006 D9EErrrr  1    6  1070   lea a14,[a14]@los(DefaultInterruptHandler)
000A DC0E      1    7  1071   ji a14
                       1072   .sdecl  '.text.inttab0.intvec.0ac',CODE
0000                   1073   .sect   '.text.inttab0.intvec.0ac'
0000 E0FF      4    4  1074   bisr #255
0002 91r0rrEr  1    5  1075   movh.a a14,#@his(DefaultInterruptHandler)
0006 D9EErrrr  1    6  1076   lea a14,[a14]@los(DefaultInterruptHandler)
000A DC0E      1    7  1077   ji a14
                       1078   .sdecl  '.text.inttab0.intvec.0ad',CODE
0000                   1079   .sect   '.text.inttab0.intvec.0ad'
0000 E0FF      4    4  1080   bisr #255
0002 91r0rrEr  1    5  1081   movh.a a14,#@his(DefaultInterruptHandler)
0006 D9EErrrr  1    6  1082   lea a14,[a14]@los(DefaultInterruptHandler)
000A DC0E      1    7  1083   ji a14
                       1084   .sdecl  '.text.inttab0.intvec.0ae',CODE
0000                   1085   .sect   '.text.inttab0.intvec.0ae'
0000 E0FF      4    4  1086   bisr #255
0002 91r0rrEr  1    5  1087   movh.a a14,#@his(DefaultInterruptHandler)
0006 D9EErrrr  1    6  1088   lea a14,[a14]@los(DefaultInterruptHandler)
TASKING VX-toolset for TriCore: assembler v6.3r1 Build 19041558
                                                                                                                           Page  17

ADDR CODE      CYCLES  LINE SOURCE LINE
000A DC0E      1    7  1089   ji a14
                       1090   .sdecl  '.text.inttab0.intvec.0af',CODE
0000                   1091   .sect   '.text.inttab0.intvec.0af'
0000 E0FF      4    4  1092   bisr #255
0002 91r0rrEr  1    5  1093   movh.a a14,#@his(DefaultInterruptHandler)
0006 D9EErrrr  1    6  1094   lea a14,[a14]@los(DefaultInterruptHandler)
000A DC0E      1    7  1095   ji a14
                       1096   .sdecl  '.text.inttab0.intvec.0b0',CODE
0000                   1097   .sect   '.text.inttab0.intvec.0b0'
0000 E0FF      4    4  1098   bisr #255
0002 91r0rrEr  1    5  1099   movh.a a14,#@his(DefaultInterruptHandler)
0006 D9EErrrr  1    6  1100   lea a14,[a14]@los(DefaultInterruptHandler)
000A DC0E      1    7  1101   ji a14
                       1102   .sdecl  '.text.inttab0.intvec.0b1',CODE
0000                   1103   .sect   '.text.inttab0.intvec.0b1'
0000 E0FF      4    4  1104   bisr #255
0002 91r0rrEr  1    5  1105   movh.a a14,#@his(DefaultInterruptHandler)
0006 D9EErrrr  1    6  1106   lea a14,[a14]@los(DefaultInterruptHandler)
000A DC0E      1    7  1107   ji a14
                       1108   .sdecl  '.text.inttab0.intvec.0b2',CODE
0000                   1109   .sect   '.text.inttab0.intvec.0b2'
0000 E0FF      4    4  1110   bisr #255
0002 91r0rrEr  1    5  1111   movh.a a14,#@his(DefaultInterruptHandler)
0006 D9EErrrr  1    6  1112   lea a14,[a14]@los(DefaultInterruptHandler)
000A DC0E      1    7  1113   ji a14
                       1114   .sdecl  '.text.inttab0.intvec.0b3',CODE
0000                   1115   .sect   '.text.inttab0.intvec.0b3'
0000 E0FF      4    4  1116   bisr #255
0002 91r0rrEr  1    5  1117   movh.a a14,#@his(DefaultInterruptHandler)
0006 D9EErrrr  1    6  1118   lea a14,[a14]@los(DefaultInterruptHandler)
000A DC0E      1    7  1119   ji a14
                       1120   .sdecl  '.text.inttab0.intvec.0b4',CODE
0000                   1121   .sect   '.text.inttab0.intvec.0b4'
0000 E0FF      4    4  1122   bisr #255
0002 91r0rrEr  1    5  1123   movh.a a14,#@his(DefaultInterruptHandler)
0006 D9EErrrr  1    6  1124   lea a14,[a14]@los(DefaultInterruptHandler)
000A DC0E      1    7  1125   ji a14
                       1126   .sdecl  '.text.inttab0.intvec.0b5',CODE
0000                   1127   .sect   '.text.inttab0.intvec.0b5'
0000 E0FF      4    4  1128   bisr #255
0002 91r0rrEr  1    5  1129   movh.a a14,#@his(DefaultInterruptHandler)
0006 D9EErrrr  1    6  1130   lea a14,[a14]@los(DefaultInterruptHandler)
000A DC0E      1    7  1131   ji a14
                       1132   .sdecl  '.text.inttab0.intvec.0b6',CODE
0000                   1133   .sect   '.text.inttab0.intvec.0b6'
0000 E0FF      4    4  1134   bisr #255
0002 91r0rrEr  1    5  1135   movh.a a14,#@his(DefaultInterruptHandler)
0006 D9EErrrr  1    6  1136   lea a14,[a14]@los(DefaultInterruptHandler)
000A DC0E      1    7  1137   ji a14
                       1138   .sdecl  '.text.inttab0.intvec.0b7',CODE
0000                   1139   .sect   '.text.inttab0.intvec.0b7'
0000 E0FF      4    4  1140   bisr #255
0002 91r0rrEr  1    5  1141   movh.a a14,#@his(DefaultInterruptHandler)
0006 D9EErrrr  1    6  1142   lea a14,[a14]@los(DefaultInterruptHandler)
000A DC0E      1    7  1143   ji a14
                       1144   .sdecl  '.text.inttab0.intvec.0b8',CODE
0000                   1145   .sect   '.text.inttab0.intvec.0b8'
0000 E0FF      4    4  1146   bisr #255
0002 91r0rrEr  1    5  1147   movh.a a14,#@his(DefaultInterruptHandler)
0006 D9EErrrr  1    6  1148   lea a14,[a14]@los(DefaultInterruptHandler)
000A DC0E      1    7  1149   ji a14
                       1150   .sdecl  '.text.inttab0.intvec.0b9',CODE
0000                   1151   .sect   '.text.inttab0.intvec.0b9'
0000 E0FF      4    4  1152   bisr #255
0002 91r0rrEr  1    5  1153   movh.a a14,#@his(DefaultInterruptHandler)
0006 D9EErrrr  1    6  1154   lea a14,[a14]@los(DefaultInterruptHandler)
000A DC0E      1    7  1155   ji a14
                       1156   .sdecl  '.text.inttab0.intvec.0ba',CODE
TASKING VX-toolset for TriCore: assembler v6.3r1 Build 19041558
                                                                                                                           Page  18

ADDR CODE      CYCLES  LINE SOURCE LINE
0000                   1157   .sect   '.text.inttab0.intvec.0ba'
0000 E0FF      4    4  1158   bisr #255
0002 91r0rrEr  1    5  1159   movh.a a14,#@his(DefaultInterruptHandler)
0006 D9EErrrr  1    6  1160   lea a14,[a14]@los(DefaultInterruptHandler)
000A DC0E      1    7  1161   ji a14
                       1162   .sdecl  '.text.inttab0.intvec.0bb',CODE
0000                   1163   .sect   '.text.inttab0.intvec.0bb'
0000 E0FF      4    4  1164   bisr #255
0002 91r0rrEr  1    5  1165   movh.a a14,#@his(DefaultInterruptHandler)
0006 D9EErrrr  1    6  1166   lea a14,[a14]@los(DefaultInterruptHandler)
000A DC0E      1    7  1167   ji a14
                       1168   .sdecl  '.text.inttab0.intvec.0bc',CODE
0000                   1169   .sect   '.text.inttab0.intvec.0bc'
0000 E0FF      4    4  1170   bisr #255
0002 91r0rrEr  1    5  1171   movh.a a14,#@his(DefaultInterruptHandler)
0006 D9EErrrr  1    6  1172   lea a14,[a14]@los(DefaultInterruptHandler)
000A DC0E      1    7  1173   ji a14
                       1174   .sdecl  '.text.inttab0.intvec.0bd',CODE
0000                   1175   .sect   '.text.inttab0.intvec.0bd'
0000 E0FF      4    4  1176   bisr #255
0002 91r0rrEr  1    5  1177   movh.a a14,#@his(DefaultInterruptHandler)
0006 D9EErrrr  1    6  1178   lea a14,[a14]@los(DefaultInterruptHandler)
000A DC0E      1    7  1179   ji a14
                       1180   .sdecl  '.text.inttab0.intvec.0be',CODE
0000                   1181   .sect   '.text.inttab0.intvec.0be'
0000 E0FF      4    4  1182   bisr #255
0002 91r0rrEr  1    5  1183   movh.a a14,#@his(DefaultInterruptHandler)
0006 D9EErrrr  1    6  1184   lea a14,[a14]@los(DefaultInterruptHandler)
000A DC0E      1    7  1185   ji a14
                       1186   .sdecl  '.text.inttab0.intvec.0bf',CODE
0000                   1187   .sect   '.text.inttab0.intvec.0bf'
0000 E0FF      4    4  1188   bisr #255
0002 91r0rrEr  1    5  1189   movh.a a14,#@his(DefaultInterruptHandler)
0006 D9EErrrr  1    6  1190   lea a14,[a14]@los(DefaultInterruptHandler)
000A DC0E      1    7  1191   ji a14
                       1192   .sdecl  '.text.inttab0.intvec.0c0',CODE
0000                   1193   .sect   '.text.inttab0.intvec.0c0'
0000 E0FF      4    4  1194   bisr #255
0002 91r0rrEr  1    5  1195   movh.a a14,#@his(DefaultInterruptHandler)
0006 D9EErrrr  1    6  1196   lea a14,[a14]@los(DefaultInterruptHandler)
000A DC0E      1    7  1197   ji a14
                       1198   .sdecl  '.text.inttab0.intvec.0c1',CODE
0000                   1199   .sect   '.text.inttab0.intvec.0c1'
0000 E0FF      4    4  1200   bisr #255
0002 91r0rrEr  1    5  1201   movh.a a14,#@his(DefaultInterruptHandler)
0006 D9EErrrr  1    6  1202   lea a14,[a14]@los(DefaultInterruptHandler)
000A DC0E      1    7  1203   ji a14
                       1204   .sdecl  '.text.inttab0.intvec.0c2',CODE
0000                   1205   .sect   '.text.inttab0.intvec.0c2'
0000 E0FF      4    4  1206   bisr #255
0002 91r0rrEr  1    5  1207   movh.a a14,#@his(DefaultInterruptHandler)
0006 D9EErrrr  1    6  1208   lea a14,[a14]@los(DefaultInterruptHandler)
000A DC0E      1    7  1209   ji a14
                       1210   .sdecl  '.text.inttab0.intvec.0c3',CODE
0000                   1211   .sect   '.text.inttab0.intvec.0c3'
0000 E0FF      4    4  1212   bisr #255
0002 91r0rrEr  1    5  1213   movh.a a14,#@his(DefaultInterruptHandler)
0006 D9EErrrr  1    6  1214   lea a14,[a14]@los(DefaultInterruptHandler)
000A DC0E      1    7  1215   ji a14
                       1216   .sdecl  '.text.inttab0.intvec.0c4',CODE
0000                   1217   .sect   '.text.inttab0.intvec.0c4'
0000 E0FF      4    4  1218   bisr #255
0002 91r0rrEr  1    5  1219   movh.a a14,#@his(DefaultInterruptHandler)
0006 D9EErrrr  1    6  1220   lea a14,[a14]@los(DefaultInterruptHandler)
000A DC0E      1    7  1221   ji a14
                       1222   .sdecl  '.text.inttab0.intvec.0c5',CODE
0000                   1223   .sect   '.text.inttab0.intvec.0c5'
0000 E0FF      4    4  1224   bisr #255
TASKING VX-toolset for TriCore: assembler v6.3r1 Build 19041558
                                                                                                                           Page  19

ADDR CODE      CYCLES  LINE SOURCE LINE
0002 91r0rrEr  1    5  1225   movh.a a14,#@his(DefaultInterruptHandler)
0006 D9EErrrr  1    6  1226   lea a14,[a14]@los(DefaultInterruptHandler)
000A DC0E      1    7  1227   ji a14
                       1228   .sdecl  '.text.inttab0.intvec.0c6',CODE
0000                   1229   .sect   '.text.inttab0.intvec.0c6'
0000 E0FF      4    4  1230   bisr #255
0002 91r0rrEr  1    5  1231   movh.a a14,#@his(DefaultInterruptHandler)
0006 D9EErrrr  1    6  1232   lea a14,[a14]@los(DefaultInterruptHandler)
000A DC0E      1    7  1233   ji a14
                       1234   .sdecl  '.text.inttab0.intvec.0c7',CODE
0000                   1235   .sect   '.text.inttab0.intvec.0c7'
0000 E0FF      4    4  1236   bisr #255
0002 91r0rrEr  1    5  1237   movh.a a14,#@his(DefaultInterruptHandler)
0006 D9EErrrr  1    6  1238   lea a14,[a14]@los(DefaultInterruptHandler)
000A DC0E      1    7  1239   ji a14
                       1240   .sdecl  '.text.inttab0.intvec.0c8',CODE
0000                   1241   .sect   '.text.inttab0.intvec.0c8'
0000 E0FF      4    4  1242   bisr #255
0002 91r0rrEr  1    5  1243   movh.a a14,#@his(DefaultInterruptHandler)
0006 D9EErrrr  1    6  1244   lea a14,[a14]@los(DefaultInterruptHandler)
000A DC0E      1    7  1245   ji a14
                       1246   .sdecl  '.text.inttab0.intvec.0c9',CODE
0000                   1247   .sect   '.text.inttab0.intvec.0c9'
0000 E0FF      4    4  1248   bisr #255
0002 91r0rrEr  1    5  1249   movh.a a14,#@his(DefaultInterruptHandler)
0006 D9EErrrr  1    6  1250   lea a14,[a14]@los(DefaultInterruptHandler)
000A DC0E      1    7  1251   ji a14
                       1252   .sdecl  '.text.inttab0.intvec.0ca',CODE
0000                   1253   .sect   '.text.inttab0.intvec.0ca'
0000 E0FF      4    4  1254   bisr #255
0002 91r0rrEr  1    5  1255   movh.a a14,#@his(DefaultInterruptHandler)
0006 D9EErrrr  1    6  1256   lea a14,[a14]@los(DefaultInterruptHandler)
000A DC0E      1    7  1257   ji a14
                       1258   .sdecl  '.text.inttab0.intvec.0cb',CODE
0000                   1259   .sect   '.text.inttab0.intvec.0cb'
0000 E0FF      4    4  1260   bisr #255
0002 91r0rrEr  1    5  1261   movh.a a14,#@his(DefaultInterruptHandler)
0006 D9EErrrr  1    6  1262   lea a14,[a14]@los(DefaultInterruptHandler)
000A DC0E      1    7  1263   ji a14
                       1264   .sdecl  '.text.inttab0.intvec.0cc',CODE
0000                   1265   .sect   '.text.inttab0.intvec.0cc'
0000 E0FF      4    4  1266   bisr #255
0002 91r0rrEr  1    5  1267   movh.a a14,#@his(DefaultInterruptHandler)
0006 D9EErrrr  1    6  1268   lea a14,[a14]@los(DefaultInterruptHandler)
000A DC0E      1    7  1269   ji a14
                       1270   .sdecl  '.text.inttab0.intvec.0cd',CODE
0000                   1271   .sect   '.text.inttab0.intvec.0cd'
0000 E0FF      4    4  1272   bisr #255
0002 91r0rrEr  1    5  1273   movh.a a14,#@his(DefaultInterruptHandler)
0006 D9EErrrr  1    6  1274   lea a14,[a14]@los(DefaultInterruptHandler)
000A DC0E      1    7  1275   ji a14
                       1276   .sdecl  '.text.inttab0.intvec.0ce',CODE
0000                   1277   .sect   '.text.inttab0.intvec.0ce'
0000 E0FF      4    4  1278   bisr #255
0002 91r0rrEr  1    5  1279   movh.a a14,#@his(DefaultInterruptHandler)
0006 D9EErrrr  1    6  1280   lea a14,[a14]@los(DefaultInterruptHandler)
000A DC0E      1    7  1281   ji a14
                       1282   .sdecl  '.text.inttab0.intvec.0cf',CODE
0000                   1283   .sect   '.text.inttab0.intvec.0cf'
0000 E0FF      4    4  1284   bisr #255
0002 91r0rrEr  1    5  1285   movh.a a14,#@his(DefaultInterruptHandler)
0006 D9EErrrr  1    6  1286   lea a14,[a14]@los(DefaultInterruptHandler)
000A DC0E      1    7  1287   ji a14
                       1288   .sdecl  '.text.inttab0.intvec.0d0',CODE
0000                   1289   .sect   '.text.inttab0.intvec.0d0'
0000 E0FF      4    4  1290   bisr #255
0002 91r0rrEr  1    5  1291   movh.a a14,#@his(DefaultInterruptHandler)
0006 D9EErrrr  1    6  1292   lea a14,[a14]@los(DefaultInterruptHandler)
TASKING VX-toolset for TriCore: assembler v6.3r1 Build 19041558
                                                                                                                           Page  20

ADDR CODE      CYCLES  LINE SOURCE LINE
000A DC0E      1    7  1293   ji a14
                       1294   .sdecl  '.text.inttab0.intvec.0d1',CODE
0000                   1295   .sect   '.text.inttab0.intvec.0d1'
0000 E0FF      4    4  1296   bisr #255
0002 91r0rrEr  1    5  1297   movh.a a14,#@his(DefaultInterruptHandler)
0006 D9EErrrr  1    6  1298   lea a14,[a14]@los(DefaultInterruptHandler)
000A DC0E      1    7  1299   ji a14
                       1300   .sdecl  '.text.inttab0.intvec.0d2',CODE
0000                   1301   .sect   '.text.inttab0.intvec.0d2'
0000 E0FF      4    4  1302   bisr #255
0002 91r0rrEr  1    5  1303   movh.a a14,#@his(DefaultInterruptHandler)
0006 D9EErrrr  1    6  1304   lea a14,[a14]@los(DefaultInterruptHandler)
000A DC0E      1    7  1305   ji a14
                       1306   .sdecl  '.text.inttab0.intvec.0d3',CODE
0000                   1307   .sect   '.text.inttab0.intvec.0d3'
0000 E0FF      4    4  1308   bisr #255
0002 91r0rrEr  1    5  1309   movh.a a14,#@his(DefaultInterruptHandler)
0006 D9EErrrr  1    6  1310   lea a14,[a14]@los(DefaultInterruptHandler)
000A DC0E      1    7  1311   ji a14
                       1312   .sdecl  '.text.inttab0.intvec.0d4',CODE
0000                   1313   .sect   '.text.inttab0.intvec.0d4'
0000 E0FF      4    4  1314   bisr #255
0002 91r0rrEr  1    5  1315   movh.a a14,#@his(DefaultInterruptHandler)
0006 D9EErrrr  1    6  1316   lea a14,[a14]@los(DefaultInterruptHandler)
000A DC0E      1    7  1317   ji a14
                       1318   .sdecl  '.text.inttab0.intvec.0d5',CODE
0000                   1319   .sect   '.text.inttab0.intvec.0d5'
0000 E0FF      4    4  1320   bisr #255
0002 91r0rrEr  1    5  1321   movh.a a14,#@his(DefaultInterruptHandler)
0006 D9EErrrr  1    6  1322   lea a14,[a14]@los(DefaultInterruptHandler)
000A DC0E      1    7  1323   ji a14
                       1324   .sdecl  '.text.inttab0.intvec.0d6',CODE
0000                   1325   .sect   '.text.inttab0.intvec.0d6'
0000 E0FF      4    4  1326   bisr #255
0002 91r0rrEr  1    5  1327   movh.a a14,#@his(DefaultInterruptHandler)
0006 D9EErrrr  1    6  1328   lea a14,[a14]@los(DefaultInterruptHandler)
000A DC0E      1    7  1329   ji a14
                       1330   .sdecl  '.text.inttab0.intvec.0d7',CODE
0000                   1331   .sect   '.text.inttab0.intvec.0d7'
0000 E0FF      4    4  1332   bisr #255
0002 91r0rrEr  1    5  1333   movh.a a14,#@his(DefaultInterruptHandler)
0006 D9EErrrr  1    6  1334   lea a14,[a14]@los(DefaultInterruptHandler)
000A DC0E      1    7  1335   ji a14
                       1336   .sdecl  '.text.inttab0.intvec.0d8',CODE
0000                   1337   .sect   '.text.inttab0.intvec.0d8'
0000 E0FF      4    4  1338   bisr #255
0002 91r0rrEr  1    5  1339   movh.a a14,#@his(DefaultInterruptHandler)
0006 D9EErrrr  1    6  1340   lea a14,[a14]@los(DefaultInterruptHandler)
000A DC0E      1    7  1341   ji a14
                       1342   .sdecl  '.text.inttab0.intvec.0d9',CODE
0000                   1343   .sect   '.text.inttab0.intvec.0d9'
0000 E0FF      4    4  1344   bisr #255
0002 91r0rrEr  1    5  1345   movh.a a14,#@his(DefaultInterruptHandler)
0006 D9EErrrr  1    6  1346   lea a14,[a14]@los(DefaultInterruptHandler)
000A DC0E      1    7  1347   ji a14
                       1348   .sdecl  '.text.inttab0.intvec.0da',CODE
0000                   1349   .sect   '.text.inttab0.intvec.0da'
0000 E0FF      4    4  1350   bisr #255
0002 91r0rrEr  1    5  1351   movh.a a14,#@his(DefaultInterruptHandler)
0006 D9EErrrr  1    6  1352   lea a14,[a14]@los(DefaultInterruptHandler)
000A DC0E      1    7  1353   ji a14
                       1354   .sdecl  '.text.inttab0.intvec.0db',CODE
0000                   1355   .sect   '.text.inttab0.intvec.0db'
0000 E0FF      4    4  1356   bisr #255
0002 91r0rrEr  1    5  1357   movh.a a14,#@his(DefaultInterruptHandler)
0006 D9EErrrr  1    6  1358   lea a14,[a14]@los(DefaultInterruptHandler)
000A DC0E      1    7  1359   ji a14
                       1360   .sdecl  '.text.inttab0.intvec.0dc',CODE
TASKING VX-toolset for TriCore: assembler v6.3r1 Build 19041558
                                                                                                                           Page  21

ADDR CODE      CYCLES  LINE SOURCE LINE
0000                   1361   .sect   '.text.inttab0.intvec.0dc'
0000 E0FF      4    4  1362   bisr #255
0002 91r0rrEr  1    5  1363   movh.a a14,#@his(DefaultInterruptHandler)
0006 D9EErrrr  1    6  1364   lea a14,[a14]@los(DefaultInterruptHandler)
000A DC0E      1    7  1365   ji a14
                       1366   .sdecl  '.text.inttab0.intvec.0dd',CODE
0000                   1367   .sect   '.text.inttab0.intvec.0dd'
0000 E0FF      4    4  1368   bisr #255
0002 91r0rrEr  1    5  1369   movh.a a14,#@his(DefaultInterruptHandler)
0006 D9EErrrr  1    6  1370   lea a14,[a14]@los(DefaultInterruptHandler)
000A DC0E      1    7  1371   ji a14
                       1372   .sdecl  '.text.inttab0.intvec.0de',CODE
0000                   1373   .sect   '.text.inttab0.intvec.0de'
0000 E0FF      4    4  1374   bisr #255
0002 91r0rrEr  1    5  1375   movh.a a14,#@his(DefaultInterruptHandler)
0006 D9EErrrr  1    6  1376   lea a14,[a14]@los(DefaultInterruptHandler)
000A DC0E      1    7  1377   ji a14
                       1378   .sdecl  '.text.inttab0.intvec.0df',CODE
0000                   1379   .sect   '.text.inttab0.intvec.0df'
0000 E0FF      4    4  1380   bisr #255
0002 91r0rrEr  1    5  1381   movh.a a14,#@his(DefaultInterruptHandler)
0006 D9EErrrr  1    6  1382   lea a14,[a14]@los(DefaultInterruptHandler)
000A DC0E      1    7  1383   ji a14
                       1384   .sdecl  '.text.inttab0.intvec.0e0',CODE
0000                   1385   .sect   '.text.inttab0.intvec.0e0'
0000 E0FF      4    4  1386   bisr #255
0002 91r0rrEr  1    5  1387   movh.a a14,#@his(DefaultInterruptHandler)
0006 D9EErrrr  1    6  1388   lea a14,[a14]@los(DefaultInterruptHandler)
000A DC0E      1    7  1389   ji a14
                       1390   .sdecl  '.text.inttab0.intvec.0e1',CODE
0000                   1391   .sect   '.text.inttab0.intvec.0e1'
0000 E0FF      4    4  1392   bisr #255
0002 91r0rrEr  1    5  1393   movh.a a14,#@his(DefaultInterruptHandler)
0006 D9EErrrr  1    6  1394   lea a14,[a14]@los(DefaultInterruptHandler)
000A DC0E      1    7  1395   ji a14
                       1396   .sdecl  '.text.inttab0.intvec.0e2',CODE
0000                   1397   .sect   '.text.inttab0.intvec.0e2'
0000 E0FF      4    4  1398   bisr #255
0002 91r0rrEr  1    5  1399   movh.a a14,#@his(DefaultInterruptHandler)
0006 D9EErrrr  1    6  1400   lea a14,[a14]@los(DefaultInterruptHandler)
000A DC0E      1    7  1401   ji a14
                       1402   .sdecl  '.text.inttab0.intvec.0e3',CODE
0000                   1403   .sect   '.text.inttab0.intvec.0e3'
0000 E0FF      4    4  1404   bisr #255
0002 91r0rrEr  1    5  1405   movh.a a14,#@his(DefaultInterruptHandler)
0006 D9EErrrr  1    6  1406   lea a14,[a14]@los(DefaultInterruptHandler)
000A DC0E      1    7  1407   ji a14
                       1408   .sdecl  '.text.inttab0.intvec.0e4',CODE
0000                   1409   .sect   '.text.inttab0.intvec.0e4'
0000 E0FF      4    4  1410   bisr #255
0002 91r0rrEr  1    5  1411   movh.a a14,#@his(DefaultInterruptHandler)
0006 D9EErrrr  1    6  1412   lea a14,[a14]@los(DefaultInterruptHandler)
000A DC0E      1    7  1413   ji a14
                       1414   .sdecl  '.text.inttab0.intvec.0e5',CODE
0000                   1415   .sect   '.text.inttab0.intvec.0e5'
0000 E0FF      4    4  1416   bisr #255
0002 91r0rrEr  1    5  1417   movh.a a14,#@his(DefaultInterruptHandler)
0006 D9EErrrr  1    6  1418   lea a14,[a14]@los(DefaultInterruptHandler)
000A DC0E      1    7  1419   ji a14
                       1420   .sdecl  '.text.inttab0.intvec.0e6',CODE
0000                   1421   .sect   '.text.inttab0.intvec.0e6'
0000 E0FF      4    4  1422   bisr #255
0002 91r0rrEr  1    5  1423   movh.a a14,#@his(DefaultInterruptHandler)
0006 D9EErrrr  1    6  1424   lea a14,[a14]@los(DefaultInterruptHandler)
000A DC0E      1    7  1425   ji a14
                       1426   .sdecl  '.text.inttab0.intvec.0e7',CODE
0000                   1427   .sect   '.text.inttab0.intvec.0e7'
0000 E0FF      4    4  1428   bisr #255
TASKING VX-toolset for TriCore: assembler v6.3r1 Build 19041558
                                                                                                                           Page  22

ADDR CODE      CYCLES  LINE SOURCE LINE
0002 91r0rrEr  1    5  1429   movh.a a14,#@his(DefaultInterruptHandler)
0006 D9EErrrr  1    6  1430   lea a14,[a14]@los(DefaultInterruptHandler)
000A DC0E      1    7  1431   ji a14
                       1432   .sdecl  '.text.inttab0.intvec.0e8',CODE
0000                   1433   .sect   '.text.inttab0.intvec.0e8'
0000 E0FF      4    4  1434   bisr #255
0002 91r0rrEr  1    5  1435   movh.a a14,#@his(DefaultInterruptHandler)
0006 D9EErrrr  1    6  1436   lea a14,[a14]@los(DefaultInterruptHandler)
000A DC0E      1    7  1437   ji a14
                       1438   .sdecl  '.text.inttab0.intvec.0e9',CODE
0000                   1439   .sect   '.text.inttab0.intvec.0e9'
0000 E0FF      4    4  1440   bisr #255
0002 91r0rrEr  1    5  1441   movh.a a14,#@his(DefaultInterruptHandler)
0006 D9EErrrr  1    6  1442   lea a14,[a14]@los(DefaultInterruptHandler)
000A DC0E      1    7  1443   ji a14
                       1444   .sdecl  '.text.inttab0.intvec.0ea',CODE
0000                   1445   .sect   '.text.inttab0.intvec.0ea'
0000 E0FF      4    4  1446   bisr #255
0002 91r0rrEr  1    5  1447   movh.a a14,#@his(DefaultInterruptHandler)
0006 D9EErrrr  1    6  1448   lea a14,[a14]@los(DefaultInterruptHandler)
000A DC0E      1    7  1449   ji a14
                       1450   .sdecl  '.text.inttab0.intvec.0eb',CODE
0000                   1451   .sect   '.text.inttab0.intvec.0eb'
0000 E0FF      4    4  1452   bisr #255
0002 91r0rrEr  1    5  1453   movh.a a14,#@his(DefaultInterruptHandler)
0006 D9EErrrr  1    6  1454   lea a14,[a14]@los(DefaultInterruptHandler)
000A DC0E      1    7  1455   ji a14
                       1456   .sdecl  '.text.inttab0.intvec.0ec',CODE
0000                   1457   .sect   '.text.inttab0.intvec.0ec'
0000 E0FF      4    4  1458   bisr #255
0002 91r0rrEr  1    5  1459   movh.a a14,#@his(DefaultInterruptHandler)
0006 D9EErrrr  1    6  1460   lea a14,[a14]@los(DefaultInterruptHandler)
000A DC0E      1    7  1461   ji a14
                       1462   .sdecl  '.text.inttab0.intvec.0ed',CODE
0000                   1463   .sect   '.text.inttab0.intvec.0ed'
0000 E0FF      4    4  1464   bisr #255
0002 91r0rrEr  1    5  1465   movh.a a14,#@his(DefaultInterruptHandler)
0006 D9EErrrr  1    6  1466   lea a14,[a14]@los(DefaultInterruptHandler)
000A DC0E      1    7  1467   ji a14
                       1468   .sdecl  '.text.inttab0.intvec.0ee',CODE
0000                   1469   .sect   '.text.inttab0.intvec.0ee'
0000 E0FF      4    4  1470   bisr #255
0002 91r0rrEr  1    5  1471   movh.a a14,#@his(DefaultInterruptHandler)
0006 D9EErrrr  1    6  1472   lea a14,[a14]@los(DefaultInterruptHandler)
000A DC0E      1    7  1473   ji a14
                       1474   .sdecl  '.text.inttab0.intvec.0ef',CODE
0000                   1475   .sect   '.text.inttab0.intvec.0ef'
0000 E0FF      4    4  1476   bisr #255
0002 91r0rrEr  1    5  1477   movh.a a14,#@his(DefaultInterruptHandler)
0006 D9EErrrr  1    6  1478   lea a14,[a14]@los(DefaultInterruptHandler)
000A DC0E      1    7  1479   ji a14
                       1480   .sdecl  '.text.inttab0.intvec.0f0',CODE
0000                   1481   .sect   '.text.inttab0.intvec.0f0'
0000 E0FF      4    4  1482   bisr #255
0002 91r0rrEr  1    5  1483   movh.a a14,#@his(DefaultInterruptHandler)
0006 D9EErrrr  1    6  1484   lea a14,[a14]@los(DefaultInterruptHandler)
000A DC0E      1    7  1485   ji a14
                       1486   .sdecl  '.text.inttab0.intvec.0f1',CODE
0000                   1487   .sect   '.text.inttab0.intvec.0f1'
0000 E0FF      4    4  1488   bisr #255
0002 91r0rrEr  1    5  1489   movh.a a14,#@his(DefaultInterruptHandler)
0006 D9EErrrr  1    6  1490   lea a14,[a14]@los(DefaultInterruptHandler)
000A DC0E      1    7  1491   ji a14
                       1492   .sdecl  '.text.inttab0.intvec.0f2',CODE
0000                   1493   .sect   '.text.inttab0.intvec.0f2'
0000 E0FF      4    4  1494   bisr #255
0002 91r0rrEr  1    5  1495   movh.a a14,#@his(DefaultInterruptHandler)
0006 D9EErrrr  1    6  1496   lea a14,[a14]@los(DefaultInterruptHandler)
TASKING VX-toolset for TriCore: assembler v6.3r1 Build 19041558
                                                                                                                           Page  23

ADDR CODE      CYCLES  LINE SOURCE LINE
000A DC0E      1    7  1497   ji a14
                       1498   .sdecl  '.text.inttab0.intvec.0f3',CODE
0000                   1499   .sect   '.text.inttab0.intvec.0f3'
0000 E0FF      4    4  1500   bisr #255
0002 91r0rrEr  1    5  1501   movh.a a14,#@his(DefaultInterruptHandler)
0006 D9EErrrr  1    6  1502   lea a14,[a14]@los(DefaultInterruptHandler)
000A DC0E      1    7  1503   ji a14
                       1504   .sdecl  '.text.inttab0.intvec.0f4',CODE
0000                   1505   .sect   '.text.inttab0.intvec.0f4'
0000 E0FF      4    4  1506   bisr #255
0002 91r0rrEr  1    5  1507   movh.a a14,#@his(DefaultInterruptHandler)
0006 D9EErrrr  1    6  1508   lea a14,[a14]@los(DefaultInterruptHandler)
000A DC0E      1    7  1509   ji a14
                       1510   .sdecl  '.text.inttab0.intvec.0f5',CODE
0000                   1511   .sect   '.text.inttab0.intvec.0f5'
0000 E0FF      4    4  1512   bisr #255
0002 91r0rrEr  1    5  1513   movh.a a14,#@his(DefaultInterruptHandler)
0006 D9EErrrr  1    6  1514   lea a14,[a14]@los(DefaultInterruptHandler)
000A DC0E      1    7  1515   ji a14
                       1516   .sdecl  '.text.inttab0.intvec.0f6',CODE
0000                   1517   .sect   '.text.inttab0.intvec.0f6'
0000 E0FF      4    4  1518   bisr #255
0002 91r0rrEr  1    5  1519   movh.a a14,#@his(DefaultInterruptHandler)
0006 D9EErrrr  1    6  1520   lea a14,[a14]@los(DefaultInterruptHandler)
000A DC0E      1    7  1521   ji a14
                       1522   .sdecl  '.text.inttab0.intvec.0f7',CODE
0000                   1523   .sect   '.text.inttab0.intvec.0f7'
0000 E0FF      4    4  1524   bisr #255
0002 91r0rrEr  1    5  1525   movh.a a14,#@his(DefaultInterruptHandler)
0006 D9EErrrr  1    6  1526   lea a14,[a14]@los(DefaultInterruptHandler)
000A DC0E      1    7  1527   ji a14
                       1528   .sdecl  '.text.inttab0.intvec.0f8',CODE
0000                   1529   .sect   '.text.inttab0.intvec.0f8'
0000 E0FF      4    4  1530   bisr #255
0002 91r0rrEr  1    5  1531   movh.a a14,#@his(DefaultInterruptHandler)
0006 D9EErrrr  1    6  1532   lea a14,[a14]@los(DefaultInterruptHandler)
000A DC0E      1    7  1533   ji a14
                       1534   .sdecl  '.text.inttab0.intvec.0f9',CODE
0000                   1535   .sect   '.text.inttab0.intvec.0f9'
0000 E0FF      4    4  1536   bisr #255
0002 91r0rrEr  1    5  1537   movh.a a14,#@his(DefaultInterruptHandler)
0006 D9EErrrr  1    6  1538   lea a14,[a14]@los(DefaultInterruptHandler)
000A DC0E      1    7  1539   ji a14
                       1540   .sdecl  '.text.inttab0.intvec.0fa',CODE
0000                   1541   .sect   '.text.inttab0.intvec.0fa'
0000 E0FF      4    4  1542   bisr #255
0002 91r0rrEr  1    5  1543   movh.a a14,#@his(DefaultInterruptHandler)
0006 D9EErrrr  1    6  1544   lea a14,[a14]@los(DefaultInterruptHandler)
000A DC0E      1    7  1545   ji a14
                       1546   .sdecl  '.text.inttab0.intvec.0fb',CODE
0000                   1547   .sect   '.text.inttab0.intvec.0fb'
0000 E0FF      4    4  1548   bisr #255
0002 91r0rrEr  1    5  1549   movh.a a14,#@his(DefaultInterruptHandler)
0006 D9EErrrr  1    6  1550   lea a14,[a14]@los(DefaultInterruptHandler)
000A DC0E      1    7  1551   ji a14
                       1552   .sdecl  '.text.inttab0.intvec.0fc',CODE
0000                   1553   .sect   '.text.inttab0.intvec.0fc'
0000 E0FF      4    4  1554   bisr #255
0002 91r0rrEr  1    5  1555   movh.a a14,#@his(DefaultInterruptHandler)
0006 D9EErrrr  1    6  1556   lea a14,[a14]@los(DefaultInterruptHandler)
000A DC0E      1    7  1557   ji a14
                       1558   .sdecl  '.text.inttab0.intvec.0fd',CODE
0000                   1559   .sect   '.text.inttab0.intvec.0fd'
0000 E0FF      4    4  1560   bisr #255
0002 91r0rrEr  1    5  1561   movh.a a14,#@his(DefaultInterruptHandler)
0006 D9EErrrr  1    6  1562   lea a14,[a14]@los(DefaultInterruptHandler)
000A DC0E      1    7  1563   ji a14
                       1564   .sdecl  '.text.inttab0.intvec.0fe',CODE
TASKING VX-toolset for TriCore: assembler v6.3r1 Build 19041558
                                                                                                                           Page  24

ADDR CODE      CYCLES  LINE SOURCE LINE
0000                   1565   .sect   '.text.inttab0.intvec.0fe'
0000 E0FF      4    4  1566   bisr #255
0002 91r0rrEr  1    5  1567   movh.a a14,#@his(DefaultInterruptHandler)
0006 D9EErrrr  1    6  1568   lea a14,[a14]@los(DefaultInterruptHandler)
000A DC0E      1    7  1569   ji a14
                       1570   .sdecl  '.text.inttab0.intvec.0ff',CODE
0000                   1571   .sect   '.text.inttab0.intvec.0ff'
0000 E0FF      4    4  1572   bisr #255
0002 91r0rrEr  1    5  1573   movh.a a14,#@his(DefaultInterruptHandler)
0006 D9EErrrr  1    6  1574   lea a14,[a14]@los(DefaultInterruptHandler)
000A DC0E      1    7  1575   ji a14
                       1576 ;  #===========================================================================
                       1577 ;  # Os_InterruptVectorTable1
                       1578 ;  #===========================================================================
                       1579   .global Os_InterruptVectorTable1 ;# Start of the table
                       1580   .sdecl  '.text.inttab1.intvec.000',CODE
0000                   1581   .sect   '.text.inttab1.intvec.000'
                       1582   .align 8192
0000                   1583 Os_InterruptVectorTable1:
                       1584 
                       1585   .sdecl  '.text.inttab1.intvec.002',CODE
0000                   1586   .sect   '.text.inttab1.intvec.002'
0000 E0FF      4    4  1587   bisr #255
0002 91r0rrEr  1    5  1588   movh.a a14,#@his(DefaultInterruptHandler)
0006 D9EErrrr  1    6  1589   lea a14,[a14]@los(DefaultInterruptHandler)
000A DC0E      1    7  1590   ji a14
                       1591   .sdecl  '.text.inttab1.intvec.003',CODE
0000                   1592   .sect   '.text.inttab1.intvec.003'
0000 E0FF      4    4  1593   bisr #255
0002 91r0rrEr  1    5  1594   movh.a a14,#@his(DefaultInterruptHandler)
0006 D9EErrrr  1    6  1595   lea a14,[a14]@los(DefaultInterruptHandler)
000A DC0E      1    7  1596   ji a14
                       1597   .sdecl  '.text.inttab1.intvec.004',CODE
0000                   1598   .sect   '.text.inttab1.intvec.004'
0000 E0FF      4    4  1599   bisr #255
0002 91r0rrEr  1    5  1600   movh.a a14,#@his(DefaultInterruptHandler)
0006 D9EErrrr  1    6  1601   lea a14,[a14]@los(DefaultInterruptHandler)
000A DC0E      1    7  1602   ji a14
                       1603   .sdecl  '.text.inttab1.intvec.005',CODE
0000                   1604   .sect   '.text.inttab1.intvec.005'
0000 E0FF      4    4  1605   bisr #255
0002 91r0rrEr  1    5  1606   movh.a a14,#@his(DefaultInterruptHandler)
0006 D9EErrrr  1    6  1607   lea a14,[a14]@los(DefaultInterruptHandler)
000A DC0E      1    7  1608   ji a14
                       1609   .sdecl  '.text.inttab1.intvec.006',CODE
0000                   1610   .sect   '.text.inttab1.intvec.006'
0000 E0FF      4    4  1611   bisr #255
0002 91r0rrEr  1    5  1612   movh.a a14,#@his(DefaultInterruptHandler)
0006 D9EErrrr  1    6  1613   lea a14,[a14]@los(DefaultInterruptHandler)
000A DC0E      1    7  1614   ji a14
                       1615   .sdecl  '.text.inttab1.intvec.007',CODE
0000                   1616   .sect   '.text.inttab1.intvec.007'
0000 E0FF      4    4  1617   bisr #255
0002 91r0rrEr  1    5  1618   movh.a a14,#@his(DefaultInterruptHandler)
0006 D9EErrrr  1    6  1619   lea a14,[a14]@los(DefaultInterruptHandler)
000A DC0E      1    7  1620   ji a14
                       1621   .sdecl  '.text.inttab1.intvec.008',CODE
0000                   1622   .sect   '.text.inttab1.intvec.008'
0000 E0FF      4    4  1623   bisr #255
0002 91r0rrEr  1    5  1624   movh.a a14,#@his(DefaultInterruptHandler)
0006 D9EErrrr  1    6  1625   lea a14,[a14]@los(DefaultInterruptHandler)
000A DC0E      1    7  1626   ji a14
                       1627   .sdecl  '.text.inttab1.intvec.009',CODE
0000                   1628   .sect   '.text.inttab1.intvec.009'
0000 E0FF      4    4  1629   bisr #255
0002 91r0rrEr  1    5  1630   movh.a a14,#@his(DefaultInterruptHandler)
0006 D9EErrrr  1    6  1631   lea a14,[a14]@los(DefaultInterruptHandler)
000A DC0E      1    7  1632   ji a14
TASKING VX-toolset for TriCore: assembler v6.3r1 Build 19041558
                                                                                                                           Page  25

ADDR CODE      CYCLES  LINE SOURCE LINE
                       1633   .sdecl  '.text.inttab1.intvec.00a',CODE
0000                   1634   .sect   '.text.inttab1.intvec.00a'
0000 E0FF      4    4  1635   bisr #255
0002 91r0rrEr  1    5  1636   movh.a a14,#@his(DefaultInterruptHandler)
0006 D9EErrrr  1    6  1637   lea a14,[a14]@los(DefaultInterruptHandler)
000A DC0E      1    7  1638   ji a14
                       1639   .sdecl  '.text.inttab1.intvec.00b',CODE
0000                   1640   .sect   '.text.inttab1.intvec.00b'
0000 E0FF      4    4  1641   bisr #255
0002 91r0rrEr  1    5  1642   movh.a a14,#@his(DefaultInterruptHandler)
0006 D9EErrrr  1    6  1643   lea a14,[a14]@los(DefaultInterruptHandler)
000A DC0E      1    7  1644   ji a14
                       1645   .sdecl  '.text.inttab1.intvec.00c',CODE
0000                   1646   .sect   '.text.inttab1.intvec.00c'
0000 E0FF      4    4  1647   bisr #255
0002 91r0rrEr  1    5  1648   movh.a a14,#@his(DefaultInterruptHandler)
0006 D9EErrrr  1    6  1649   lea a14,[a14]@los(DefaultInterruptHandler)
000A DC0E      1    7  1650   ji a14
                       1651   .sdecl  '.text.inttab1.intvec.00d',CODE
0000                   1652   .sect   '.text.inttab1.intvec.00d'
0000 E0FF      4    4  1653   bisr #255
0002 91r0rrEr  1    5  1654   movh.a a14,#@his(DefaultInterruptHandler)
0006 D9EErrrr  1    6  1655   lea a14,[a14]@los(DefaultInterruptHandler)
000A DC0E      1    7  1656   ji a14
                       1657   .sdecl  '.text.inttab1.intvec.00e',CODE
0000                   1658   .sect   '.text.inttab1.intvec.00e'
0000 E0FF      4    4  1659   bisr #255
0002 91r0rrEr  1    5  1660   movh.a a14,#@his(DefaultInterruptHandler)
0006 D9EErrrr  1    6  1661   lea a14,[a14]@los(DefaultInterruptHandler)
000A DC0E      1    7  1662   ji a14
                       1663   .sdecl  '.text.inttab1.intvec.00f',CODE
0000                   1664   .sect   '.text.inttab1.intvec.00f'
0000 E0FF      4    4  1665   bisr #255
0002 91r0rrEr  1    5  1666   movh.a a14,#@his(DefaultInterruptHandler)
0006 D9EErrrr  1    6  1667   lea a14,[a14]@los(DefaultInterruptHandler)
000A DC0E      1    7  1668   ji a14
                       1669   .sdecl  '.text.inttab1.intvec.010',CODE
0000                   1670   .sect   '.text.inttab1.intvec.010'
0000 E0FF      4    4  1671   bisr #255
0002 91r0rrEr  1    5  1672   movh.a a14,#@his(DefaultInterruptHandler)
0006 D9EErrrr  1    6  1673   lea a14,[a14]@los(DefaultInterruptHandler)
000A DC0E      1    7  1674   ji a14
                       1675   .sdecl  '.text.inttab1.intvec.011',CODE
0000                   1676   .sect   '.text.inttab1.intvec.011'
0000 E0FF      4    4  1677   bisr #255
0002 91r0rrEr  1    5  1678   movh.a a14,#@his(DefaultInterruptHandler)
0006 D9EErrrr  1    6  1679   lea a14,[a14]@los(DefaultInterruptHandler)
000A DC0E      1    7  1680   ji a14
                       1681   .sdecl  '.text.inttab1.intvec.012',CODE
0000                   1682   .sect   '.text.inttab1.intvec.012'
0000 E0FF      4    4  1683   bisr #255
0002 91r0rrEr  1    5  1684   movh.a a14,#@his(DefaultInterruptHandler)
0006 D9EErrrr  1    6  1685   lea a14,[a14]@los(DefaultInterruptHandler)
000A DC0E      1    7  1686   ji a14
                       1687   .sdecl  '.text.inttab1.intvec.013',CODE
0000                   1688   .sect   '.text.inttab1.intvec.013'
0000 E0FF      4    4  1689   bisr #255
0002 91r0rrEr  1    5  1690   movh.a a14,#@his(DefaultInterruptHandler)
0006 D9EErrrr  1    6  1691   lea a14,[a14]@los(DefaultInterruptHandler)
000A DC0E      1    7  1692   ji a14
                       1693   .sdecl  '.text.inttab1.intvec.014',CODE
0000                   1694   .sect   '.text.inttab1.intvec.014'
0000 E0FF      4    4  1695   bisr #255
0002 91r0rrEr  1    5  1696   movh.a a14,#@his(DefaultInterruptHandler)
0006 D9EErrrr  1    6  1697   lea a14,[a14]@los(DefaultInterruptHandler)
000A DC0E      1    7  1698   ji a14
                       1699   .sdecl  '.text.inttab1.intvec.015',CODE
0000                   1700   .sect   '.text.inttab1.intvec.015'
TASKING VX-toolset for TriCore: assembler v6.3r1 Build 19041558
                                                                                                                           Page  26

ADDR CODE      CYCLES  LINE SOURCE LINE
0000 E0FF      4    4  1701   bisr #255
0002 91r0rrEr  1    5  1702   movh.a a14,#@his(DefaultInterruptHandler)
0006 D9EErrrr  1    6  1703   lea a14,[a14]@los(DefaultInterruptHandler)
000A DC0E      1    7  1704   ji a14
                       1705   .sdecl  '.text.inttab1.intvec.016',CODE
0000                   1706   .sect   '.text.inttab1.intvec.016'
0000 E0FF      4    4  1707   bisr #255
0002 91r0rrEr  1    5  1708   movh.a a14,#@his(DefaultInterruptHandler)
0006 D9EErrrr  1    6  1709   lea a14,[a14]@los(DefaultInterruptHandler)
000A DC0E      1    7  1710   ji a14
                       1711   .sdecl  '.text.inttab1.intvec.017',CODE
0000                   1712   .sect   '.text.inttab1.intvec.017'
0000 E0FF      4    4  1713   bisr #255
0002 91r0rrEr  1    5  1714   movh.a a14,#@his(DefaultInterruptHandler)
0006 D9EErrrr  1    6  1715   lea a14,[a14]@los(DefaultInterruptHandler)
000A DC0E      1    7  1716   ji a14
                       1717   .sdecl  '.text.inttab1.intvec.018',CODE
0000                   1718   .sect   '.text.inttab1.intvec.018'
0000 E0FF      4    4  1719   bisr #255
0002 91r0rrEr  1    5  1720   movh.a a14,#@his(DefaultInterruptHandler)
0006 D9EErrrr  1    6  1721   lea a14,[a14]@los(DefaultInterruptHandler)
000A DC0E      1    7  1722   ji a14
                       1723   .sdecl  '.text.inttab1.intvec.019',CODE
0000                   1724   .sect   '.text.inttab1.intvec.019'
0000 E0FF      4    4  1725   bisr #255
0002 91r0rrEr  1    5  1726   movh.a a14,#@his(DefaultInterruptHandler)
0006 D9EErrrr  1    6  1727   lea a14,[a14]@los(DefaultInterruptHandler)
000A DC0E      1    7  1728   ji a14
                       1729   .sdecl  '.text.inttab1.intvec.01a',CODE
0000                   1730   .sect   '.text.inttab1.intvec.01a'
0000 E0FF      4    4  1731   bisr #255
0002 91r0rrEr  1    5  1732   movh.a a14,#@his(DefaultInterruptHandler)
0006 D9EErrrr  1    6  1733   lea a14,[a14]@los(DefaultInterruptHandler)
000A DC0E      1    7  1734   ji a14
                       1735   .sdecl  '.text.inttab1.intvec.01b',CODE
0000                   1736   .sect   '.text.inttab1.intvec.01b'
0000 E0FF      4    4  1737   bisr #255
0002 91r0rrEr  1    5  1738   movh.a a14,#@his(DefaultInterruptHandler)
0006 D9EErrrr  1    6  1739   lea a14,[a14]@los(DefaultInterruptHandler)
000A DC0E      1    7  1740   ji a14
                       1741   .sdecl  '.text.inttab1.intvec.01c',CODE
0000                   1742   .sect   '.text.inttab1.intvec.01c'
0000 E0FF      4    4  1743   bisr #255
0002 91r0rrEr  1    5  1744   movh.a a14,#@his(DefaultInterruptHandler)
0006 D9EErrrr  1    6  1745   lea a14,[a14]@los(DefaultInterruptHandler)
000A DC0E      1    7  1746   ji a14
                       1747   .sdecl  '.text.inttab1.intvec.01d',CODE
0000                   1748   .sect   '.text.inttab1.intvec.01d'
0000 E0FF      4    4  1749   bisr #255
0002 91r0rrEr  1    5  1750   movh.a a14,#@his(DefaultInterruptHandler)
0006 D9EErrrr  1    6  1751   lea a14,[a14]@los(DefaultInterruptHandler)
000A DC0E      1    7  1752   ji a14
                       1753   .sdecl  '.text.inttab1.intvec.01e',CODE
0000                   1754   .sect   '.text.inttab1.intvec.01e'
0000 E0FF      4    4  1755   bisr #255
0002 91r0rrEr  1    5  1756   movh.a a14,#@his(DefaultInterruptHandler)
0006 D9EErrrr  1    6  1757   lea a14,[a14]@los(DefaultInterruptHandler)
000A DC0E      1    7  1758   ji a14
                       1759   .sdecl  '.text.inttab1.intvec.01f',CODE
0000                   1760   .sect   '.text.inttab1.intvec.01f'
0000 E0FF      4    4  1761   bisr #255
0002 91r0rrEr  1    5  1762   movh.a a14,#@his(DefaultInterruptHandler)
0006 D9EErrrr  1    6  1763   lea a14,[a14]@los(DefaultInterruptHandler)
000A DC0E      1    7  1764   ji a14
                       1765   .sdecl  '.text.inttab1.intvec.020',CODE
0000                   1766   .sect   '.text.inttab1.intvec.020'
0000 E0FF      4    4  1767   bisr #255
0002 91r0rrEr  1    5  1768   movh.a a14,#@his(DefaultInterruptHandler)
TASKING VX-toolset for TriCore: assembler v6.3r1 Build 19041558
                                                                                                                           Page  27

ADDR CODE      CYCLES  LINE SOURCE LINE
0006 D9EErrrr  1    6  1769   lea a14,[a14]@los(DefaultInterruptHandler)
000A DC0E      1    7  1770   ji a14
                       1771   .sdecl  '.text.inttab1.intvec.021',CODE
0000                   1772   .sect   '.text.inttab1.intvec.021'
0000 E0FF      4    4  1773   bisr #255
0002 91r0rrEr  1    5  1774   movh.a a14,#@his(DefaultInterruptHandler)
0006 D9EErrrr  1    6  1775   lea a14,[a14]@los(DefaultInterruptHandler)
000A DC0E      1    7  1776   ji a14
                       1777   .sdecl  '.text.inttab1.intvec.022',CODE
0000                   1778   .sect   '.text.inttab1.intvec.022'
0000 E0FF      4    4  1779   bisr #255
0002 91r0rrEr  1    5  1780   movh.a a14,#@his(DefaultInterruptHandler)
0006 D9EErrrr  1    6  1781   lea a14,[a14]@los(DefaultInterruptHandler)
000A DC0E      1    7  1782   ji a14
                       1783   .sdecl  '.text.inttab1.intvec.023',CODE
0000                   1784   .sect   '.text.inttab1.intvec.023'
0000 E0FF      4    4  1785   bisr #255
0002 91r0rrEr  1    5  1786   movh.a a14,#@his(DefaultInterruptHandler)
0006 D9EErrrr  1    6  1787   lea a14,[a14]@los(DefaultInterruptHandler)
000A DC0E      1    7  1788   ji a14
                       1789   .sdecl  '.text.inttab1.intvec.024',CODE
0000                   1790   .sect   '.text.inttab1.intvec.024'
0000 E0FF      4    4  1791   bisr #255
0002 91r0rrEr  1    5  1792   movh.a a14,#@his(DefaultInterruptHandler)
0006 D9EErrrr  1    6  1793   lea a14,[a14]@los(DefaultInterruptHandler)
000A DC0E      1    7  1794   ji a14
                       1795   .sdecl  '.text.inttab1.intvec.025',CODE
0000                   1796   .sect   '.text.inttab1.intvec.025'
0000 E0FF      4    4  1797   bisr #255
0002 91r0rrEr  1    5  1798   movh.a a14,#@his(DefaultInterruptHandler)
0006 D9EErrrr  1    6  1799   lea a14,[a14]@los(DefaultInterruptHandler)
000A DC0E      1    7  1800   ji a14
                       1801   .sdecl  '.text.inttab1.intvec.026',CODE
0000                   1802   .sect   '.text.inttab1.intvec.026'
0000 E0FF      4    4  1803   bisr #255
0002 91r0rrEr  1    5  1804   movh.a a14,#@his(DefaultInterruptHandler)
0006 D9EErrrr  1    6  1805   lea a14,[a14]@los(DefaultInterruptHandler)
000A DC0E      1    7  1806   ji a14
                       1807   .sdecl  '.text.inttab1.intvec.027',CODE
0000                   1808   .sect   '.text.inttab1.intvec.027'
0000 E0FF      4    4  1809   bisr #255
0002 91r0rrEr  1    5  1810   movh.a a14,#@his(DefaultInterruptHandler)
0006 D9EErrrr  1    6  1811   lea a14,[a14]@los(DefaultInterruptHandler)
000A DC0E      1    7  1812   ji a14
                       1813   .sdecl  '.text.inttab1.intvec.028',CODE
0000                   1814   .sect   '.text.inttab1.intvec.028'
0000 E0FF      4    4  1815   bisr #255
0002 91r0rrEr  1    5  1816   movh.a a14,#@his(DefaultInterruptHandler)
0006 D9EErrrr  1    6  1817   lea a14,[a14]@los(DefaultInterruptHandler)
000A DC0E      1    7  1818   ji a14
                       1819   .sdecl  '.text.inttab1.intvec.029',CODE
0000                   1820   .sect   '.text.inttab1.intvec.029'
0000 E0FF      4    4  1821   bisr #255
0002 91r0rrEr  1    5  1822   movh.a a14,#@his(DefaultInterruptHandler)
0006 D9EErrrr  1    6  1823   lea a14,[a14]@los(DefaultInterruptHandler)
000A DC0E      1    7  1824   ji a14
                       1825   .sdecl  '.text.inttab1.intvec.02a',CODE
0000                   1826   .sect   '.text.inttab1.intvec.02a'
0000 E0FF      4    4  1827   bisr #255
0002 91r0rrEr  1    5  1828   movh.a a14,#@his(DefaultInterruptHandler)
0006 D9EErrrr  1    6  1829   lea a14,[a14]@los(DefaultInterruptHandler)
000A DC0E      1    7  1830   ji a14
                       1831   .sdecl  '.text.inttab1.intvec.02b',CODE
0000                   1832   .sect   '.text.inttab1.intvec.02b'
0000 E0FF      4    4  1833   bisr #255
0002 91r0rrEr  1    5  1834   movh.a a14,#@his(DefaultInterruptHandler)
0006 D9EErrrr  1    6  1835   lea a14,[a14]@los(DefaultInterruptHandler)
000A DC0E      1    7  1836   ji a14
TASKING VX-toolset for TriCore: assembler v6.3r1 Build 19041558
                                                                                                                           Page  28

ADDR CODE      CYCLES  LINE SOURCE LINE
                       1837   .sdecl  '.text.inttab1.intvec.02c',CODE
0000                   1838   .sect   '.text.inttab1.intvec.02c'
0000 E0FF      4    4  1839   bisr #255
0002 91r0rrEr  1    5  1840   movh.a a14,#@his(DefaultInterruptHandler)
0006 D9EErrrr  1    6  1841   lea a14,[a14]@los(DefaultInterruptHandler)
000A DC0E      1    7  1842   ji a14
                       1843   .sdecl  '.text.inttab1.intvec.02d',CODE
0000                   1844   .sect   '.text.inttab1.intvec.02d'
0000 E0FF      4    4  1845   bisr #255
0002 91r0rrEr  1    5  1846   movh.a a14,#@his(DefaultInterruptHandler)
0006 D9EErrrr  1    6  1847   lea a14,[a14]@los(DefaultInterruptHandler)
000A DC0E      1    7  1848   ji a14
                       1849   .sdecl  '.text.inttab1.intvec.02e',CODE
0000                   1850   .sect   '.text.inttab1.intvec.02e'
0000 E0FF      4    4  1851   bisr #255
0002 91r0rrEr  1    5  1852   movh.a a14,#@his(DefaultInterruptHandler)
0006 D9EErrrr  1    6  1853   lea a14,[a14]@los(DefaultInterruptHandler)
000A DC0E      1    7  1854   ji a14
                       1855   .sdecl  '.text.inttab1.intvec.02f',CODE
0000                   1856   .sect   '.text.inttab1.intvec.02f'
0000 E0FF      4    4  1857   bisr #255
0002 91r0rrEr  1    5  1858   movh.a a14,#@his(DefaultInterruptHandler)
0006 D9EErrrr  1    6  1859   lea a14,[a14]@los(DefaultInterruptHandler)
000A DC0E      1    7  1860   ji a14
                       1861   .sdecl  '.text.inttab1.intvec.030',CODE
0000                   1862   .sect   '.text.inttab1.intvec.030'
0000 E0FF      4    4  1863   bisr #255
0002 91r0rrEr  1    5  1864   movh.a a14,#@his(DefaultInterruptHandler)
0006 D9EErrrr  1    6  1865   lea a14,[a14]@los(DefaultInterruptHandler)
000A DC0E      1    7  1866   ji a14
                       1867   .sdecl  '.text.inttab1.intvec.031',CODE
0000                   1868   .sect   '.text.inttab1.intvec.031'
0000 E0FF      4    4  1869   bisr #255
0002 91r0rrEr  1    5  1870   movh.a a14,#@his(DefaultInterruptHandler)
0006 D9EErrrr  1    6  1871   lea a14,[a14]@los(DefaultInterruptHandler)
000A DC0E      1    7  1872   ji a14
                       1873   .sdecl  '.text.inttab1.intvec.032',CODE
0000                   1874   .sect   '.text.inttab1.intvec.032'
0000 E0FF      4    4  1875   bisr #255
0002 91r0rrEr  1    5  1876   movh.a a14,#@his(DefaultInterruptHandler)
0006 D9EErrrr  1    6  1877   lea a14,[a14]@los(DefaultInterruptHandler)
000A DC0E      1    7  1878   ji a14
                       1879   .sdecl  '.text.inttab1.intvec.033',CODE
0000                   1880   .sect   '.text.inttab1.intvec.033'
0000 E0FF      4    4  1881   bisr #255
0002 91r0rrEr  1    5  1882   movh.a a14,#@his(DefaultInterruptHandler)
0006 D9EErrrr  1    6  1883   lea a14,[a14]@los(DefaultInterruptHandler)
000A DC0E      1    7  1884   ji a14
                       1885   .sdecl  '.text.inttab1.intvec.034',CODE
0000                   1886   .sect   '.text.inttab1.intvec.034'
0000 E0FF      4    4  1887   bisr #255
0002 91r0rrEr  1    5  1888   movh.a a14,#@his(DefaultInterruptHandler)
0006 D9EErrrr  1    6  1889   lea a14,[a14]@los(DefaultInterruptHandler)
000A DC0E      1    7  1890   ji a14
                       1891   .sdecl  '.text.inttab1.intvec.035',CODE
0000                   1892   .sect   '.text.inttab1.intvec.035'
0000 E0FF      4    4  1893   bisr #255
0002 91r0rrEr  1    5  1894   movh.a a14,#@his(DefaultInterruptHandler)
0006 D9EErrrr  1    6  1895   lea a14,[a14]@los(DefaultInterruptHandler)
000A DC0E      1    7  1896   ji a14
                       1897   .sdecl  '.text.inttab1.intvec.036',CODE
0000                   1898   .sect   '.text.inttab1.intvec.036'
0000 E0FF      4    4  1899   bisr #255
0002 91r0rrEr  1    5  1900   movh.a a14,#@his(DefaultInterruptHandler)
0006 D9EErrrr  1    6  1901   lea a14,[a14]@los(DefaultInterruptHandler)
000A DC0E      1    7  1902   ji a14
                       1903   .sdecl  '.text.inttab1.intvec.037',CODE
0000                   1904   .sect   '.text.inttab1.intvec.037'
TASKING VX-toolset for TriCore: assembler v6.3r1 Build 19041558
                                                                                                                           Page  29

ADDR CODE      CYCLES  LINE SOURCE LINE
0000 E0FF      4    4  1905   bisr #255
0002 91r0rrEr  1    5  1906   movh.a a14,#@his(DefaultInterruptHandler)
0006 D9EErrrr  1    6  1907   lea a14,[a14]@los(DefaultInterruptHandler)
000A DC0E      1    7  1908   ji a14
                       1909   .sdecl  '.text.inttab1.intvec.038',CODE
0000                   1910   .sect   '.text.inttab1.intvec.038'
0000 E0FF      4    4  1911   bisr #255
0002 91r0rrEr  1    5  1912   movh.a a14,#@his(DefaultInterruptHandler)
0006 D9EErrrr  1    6  1913   lea a14,[a14]@los(DefaultInterruptHandler)
000A DC0E      1    7  1914   ji a14
                       1915   .sdecl  '.text.inttab1.intvec.039',CODE
0000                   1916   .sect   '.text.inttab1.intvec.039'
0000 E0FF      4    4  1917   bisr #255
0002 91r0rrEr  1    5  1918   movh.a a14,#@his(DefaultInterruptHandler)
0006 D9EErrrr  1    6  1919   lea a14,[a14]@los(DefaultInterruptHandler)
000A DC0E      1    7  1920   ji a14
                       1921   .sdecl  '.text.inttab1.intvec.03a',CODE
0000                   1922   .sect   '.text.inttab1.intvec.03a'
0000 E0FF      4    4  1923   bisr #255
0002 91r0rrEr  1    5  1924   movh.a a14,#@his(DefaultInterruptHandler)
0006 D9EErrrr  1    6  1925   lea a14,[a14]@los(DefaultInterruptHandler)
000A DC0E      1    7  1926   ji a14
                       1927   .sdecl  '.text.inttab1.intvec.03b',CODE
0000                   1928   .sect   '.text.inttab1.intvec.03b'
0000 E0FF      4    4  1929   bisr #255
0002 91r0rrEr  1    5  1930   movh.a a14,#@his(DefaultInterruptHandler)
0006 D9EErrrr  1    6  1931   lea a14,[a14]@los(DefaultInterruptHandler)
000A DC0E      1    7  1932   ji a14
                       1933   .sdecl  '.text.inttab1.intvec.03c',CODE
0000                   1934   .sect   '.text.inttab1.intvec.03c'
0000 E0FF      4    4  1935   bisr #255
0002 91r0rrEr  1    5  1936   movh.a a14,#@his(DefaultInterruptHandler)
0006 D9EErrrr  1    6  1937   lea a14,[a14]@los(DefaultInterruptHandler)
000A DC0E      1    7  1938   ji a14
                       1939   .sdecl  '.text.inttab1.intvec.03d',CODE
0000                   1940   .sect   '.text.inttab1.intvec.03d'
0000 E0FF      4    4  1941   bisr #255
0002 91r0rrEr  1    5  1942   movh.a a14,#@his(DefaultInterruptHandler)
0006 D9EErrrr  1    6  1943   lea a14,[a14]@los(DefaultInterruptHandler)
000A DC0E      1    7  1944   ji a14
                       1945   .sdecl  '.text.inttab1.intvec.03e',CODE
0000                   1946   .sect   '.text.inttab1.intvec.03e'
0000 E0FF      4    4  1947   bisr #255
0002 91r0rrEr  1    5  1948   movh.a a14,#@his(DefaultInterruptHandler)
0006 D9EErrrr  1    6  1949   lea a14,[a14]@los(DefaultInterruptHandler)
000A DC0E      1    7  1950   ji a14
                       1951   .sdecl  '.text.inttab1.intvec.03f',CODE
0000                   1952   .sect   '.text.inttab1.intvec.03f'
0000 E0FF      4    4  1953   bisr #255
0002 91r0rrEr  1    5  1954   movh.a a14,#@his(DefaultInterruptHandler)
0006 D9EErrrr  1    6  1955   lea a14,[a14]@los(DefaultInterruptHandler)
000A DC0E      1    7  1956   ji a14
                       1957   .sdecl  '.text.inttab1.intvec.040',CODE
0000                   1958   .sect   '.text.inttab1.intvec.040'
0000 E0FF      4    4  1959   bisr #255
0002 91r0rrEr  1    5  1960   movh.a a14,#@his(DefaultInterruptHandler)
0006 D9EErrrr  1    6  1961   lea a14,[a14]@los(DefaultInterruptHandler)
000A DC0E      1    7  1962   ji a14
                       1963   .sdecl  '.text.inttab1.intvec.041',CODE
0000                   1964   .sect   '.text.inttab1.intvec.041'
0000 E0FF      4    4  1965   bisr #255
0002 91r0rrEr  1    5  1966   movh.a a14,#@his(DefaultInterruptHandler)
0006 D9EErrrr  1    6  1967   lea a14,[a14]@los(DefaultInterruptHandler)
000A DC0E      1    7  1968   ji a14
                       1969   .sdecl  '.text.inttab1.intvec.042',CODE
0000                   1970   .sect   '.text.inttab1.intvec.042'
0000 E0FF      4    4  1971   bisr #255
0002 91r0rrEr  1    5  1972   movh.a a14,#@his(DefaultInterruptHandler)
TASKING VX-toolset for TriCore: assembler v6.3r1 Build 19041558
                                                                                                                           Page  30

ADDR CODE      CYCLES  LINE SOURCE LINE
0006 D9EErrrr  1    6  1973   lea a14,[a14]@los(DefaultInterruptHandler)
000A DC0E      1    7  1974   ji a14
                       1975   .sdecl  '.text.inttab1.intvec.043',CODE
0000                   1976   .sect   '.text.inttab1.intvec.043'
0000 E0FF      4    4  1977   bisr #255
0002 91r0rrEr  1    5  1978   movh.a a14,#@his(DefaultInterruptHandler)
0006 D9EErrrr  1    6  1979   lea a14,[a14]@los(DefaultInterruptHandler)
000A DC0E      1    7  1980   ji a14
                       1981   .sdecl  '.text.inttab1.intvec.044',CODE
0000                   1982   .sect   '.text.inttab1.intvec.044'
0000 E0FF      4    4  1983   bisr #255
0002 91r0rrEr  1    5  1984   movh.a a14,#@his(DefaultInterruptHandler)
0006 D9EErrrr  1    6  1985   lea a14,[a14]@los(DefaultInterruptHandler)
000A DC0E      1    7  1986   ji a14
                       1987   .sdecl  '.text.inttab1.intvec.045',CODE
0000                   1988   .sect   '.text.inttab1.intvec.045'
0000 E0FF      4    4  1989   bisr #255
0002 91r0rrEr  1    5  1990   movh.a a14,#@his(DefaultInterruptHandler)
0006 D9EErrrr  1    6  1991   lea a14,[a14]@los(DefaultInterruptHandler)
000A DC0E      1    7  1992   ji a14
                       1993   .sdecl  '.text.inttab1.intvec.046',CODE
0000                   1994   .sect   '.text.inttab1.intvec.046'
0000 E0FF      4    4  1995   bisr #255
0002 91r0rrEr  1    5  1996   movh.a a14,#@his(DefaultInterruptHandler)
0006 D9EErrrr  1    6  1997   lea a14,[a14]@los(DefaultInterruptHandler)
000A DC0E      1    7  1998   ji a14
                       1999   .sdecl  '.text.inttab1.intvec.047',CODE
0000                   2000   .sect   '.text.inttab1.intvec.047'
0000 E0FF      4    4  2001   bisr #255
0002 91r0rrEr  1    5  2002   movh.a a14,#@his(DefaultInterruptHandler)
0006 D9EErrrr  1    6  2003   lea a14,[a14]@los(DefaultInterruptHandler)
000A DC0E      1    7  2004   ji a14
                       2005   .sdecl  '.text.inttab1.intvec.048',CODE
0000                   2006   .sect   '.text.inttab1.intvec.048'
0000 E0FF      4    4  2007   bisr #255
0002 91r0rrEr  1    5  2008   movh.a a14,#@his(DefaultInterruptHandler)
0006 D9EErrrr  1    6  2009   lea a14,[a14]@los(DefaultInterruptHandler)
000A DC0E      1    7  2010   ji a14
                       2011   .sdecl  '.text.inttab1.intvec.049',CODE
0000                   2012   .sect   '.text.inttab1.intvec.049'
0000 E0FF      4    4  2013   bisr #255
0002 91r0rrEr  1    5  2014   movh.a a14,#@his(DefaultInterruptHandler)
0006 D9EErrrr  1    6  2015   lea a14,[a14]@los(DefaultInterruptHandler)
000A DC0E      1    7  2016   ji a14
                       2017   .sdecl  '.text.inttab1.intvec.04a',CODE
0000                   2018   .sect   '.text.inttab1.intvec.04a'
0000 E0FF      4    4  2019   bisr #255
0002 91r0rrEr  1    5  2020   movh.a a14,#@his(DefaultInterruptHandler)
0006 D9EErrrr  1    6  2021   lea a14,[a14]@los(DefaultInterruptHandler)
000A DC0E      1    7  2022   ji a14
                       2023   .sdecl  '.text.inttab1.intvec.04b',CODE
0000                   2024   .sect   '.text.inttab1.intvec.04b'
0000 E0FF      4    4  2025   bisr #255
0002 91r0rrEr  1    5  2026   movh.a a14,#@his(DefaultInterruptHandler)
0006 D9EErrrr  1    6  2027   lea a14,[a14]@los(DefaultInterruptHandler)
000A DC0E      1    7  2028   ji a14
                       2029   .sdecl  '.text.inttab1.intvec.04c',CODE
0000                   2030   .sect   '.text.inttab1.intvec.04c'
0000 E0FF      4    4  2031   bisr #255
0002 91r0rrEr  1    5  2032   movh.a a14,#@his(DefaultInterruptHandler)
0006 D9EErrrr  1    6  2033   lea a14,[a14]@los(DefaultInterruptHandler)
000A DC0E      1    7  2034   ji a14
                       2035   .sdecl  '.text.inttab1.intvec.04d',CODE
0000                   2036   .sect   '.text.inttab1.intvec.04d'
0000 E0FF      4    4  2037   bisr #255
0002 91r0rrEr  1    5  2038   movh.a a14,#@his(DefaultInterruptHandler)
0006 D9EErrrr  1    6  2039   lea a14,[a14]@los(DefaultInterruptHandler)
000A DC0E      1    7  2040   ji a14
TASKING VX-toolset for TriCore: assembler v6.3r1 Build 19041558
                                                                                                                           Page  31

ADDR CODE      CYCLES  LINE SOURCE LINE
                       2041   .sdecl  '.text.inttab1.intvec.04e',CODE
0000                   2042   .sect   '.text.inttab1.intvec.04e'
0000 E0FF      4    4  2043   bisr #255
0002 91r0rrEr  1    5  2044   movh.a a14,#@his(DefaultInterruptHandler)
0006 D9EErrrr  1    6  2045   lea a14,[a14]@los(DefaultInterruptHandler)
000A DC0E      1    7  2046   ji a14
                       2047   .sdecl  '.text.inttab1.intvec.04f',CODE
0000                   2048   .sect   '.text.inttab1.intvec.04f'
0000 E0FF      4    4  2049   bisr #255
0002 91r0rrEr  1    5  2050   movh.a a14,#@his(DefaultInterruptHandler)
0006 D9EErrrr  1    6  2051   lea a14,[a14]@los(DefaultInterruptHandler)
000A DC0E      1    7  2052   ji a14
                       2053   .sdecl  '.text.inttab1.intvec.050',CODE
0000                   2054   .sect   '.text.inttab1.intvec.050'
0000 E0FF      4    4  2055   bisr #255
0002 91r0rrEr  1    5  2056   movh.a a14,#@his(DefaultInterruptHandler)
0006 D9EErrrr  1    6  2057   lea a14,[a14]@los(DefaultInterruptHandler)
000A DC0E      1    7  2058   ji a14
                       2059   .sdecl  '.text.inttab1.intvec.051',CODE
0000                   2060   .sect   '.text.inttab1.intvec.051'
0000 E0FF      4    4  2061   bisr #255
0002 91r0rrEr  1    5  2062   movh.a a14,#@his(DefaultInterruptHandler)
0006 D9EErrrr  1    6  2063   lea a14,[a14]@los(DefaultInterruptHandler)
000A DC0E      1    7  2064   ji a14
                       2065   .sdecl  '.text.inttab1.intvec.052',CODE
0000                   2066   .sect   '.text.inttab1.intvec.052'
0000 E0FF      4    4  2067   bisr #255
0002 91r0rrEr  1    5  2068   movh.a a14,#@his(DefaultInterruptHandler)
0006 D9EErrrr  1    6  2069   lea a14,[a14]@los(DefaultInterruptHandler)
000A DC0E      1    7  2070   ji a14
                       2071   .sdecl  '.text.inttab1.intvec.053',CODE
0000                   2072   .sect   '.text.inttab1.intvec.053'
0000 E0FF      4    4  2073   bisr #255
0002 91r0rrEr  1    5  2074   movh.a a14,#@his(DefaultInterruptHandler)
0006 D9EErrrr  1    6  2075   lea a14,[a14]@los(DefaultInterruptHandler)
000A DC0E      1    7  2076   ji a14
                       2077   .sdecl  '.text.inttab1.intvec.054',CODE
0000                   2078   .sect   '.text.inttab1.intvec.054'
0000 E0FF      4    4  2079   bisr #255
0002 91r0rrEr  1    5  2080   movh.a a14,#@his(DefaultInterruptHandler)
0006 D9EErrrr  1    6  2081   lea a14,[a14]@los(DefaultInterruptHandler)
000A DC0E      1    7  2082   ji a14
                       2083   .sdecl  '.text.inttab1.intvec.055',CODE
0000                   2084   .sect   '.text.inttab1.intvec.055'
0000 E0FF      4    4  2085   bisr #255
0002 91r0rrEr  1    5  2086   movh.a a14,#@his(DefaultInterruptHandler)
0006 D9EErrrr  1    6  2087   lea a14,[a14]@los(DefaultInterruptHandler)
000A DC0E      1    7  2088   ji a14
                       2089   .sdecl  '.text.inttab1.intvec.056',CODE
0000                   2090   .sect   '.text.inttab1.intvec.056'
0000 E0FF      4    4  2091   bisr #255
0002 91r0rrEr  1    5  2092   movh.a a14,#@his(DefaultInterruptHandler)
0006 D9EErrrr  1    6  2093   lea a14,[a14]@los(DefaultInterruptHandler)
000A DC0E      1    7  2094   ji a14
                       2095   .sdecl  '.text.inttab1.intvec.057',CODE
0000                   2096   .sect   '.text.inttab1.intvec.057'
0000 E0FF      4    4  2097   bisr #255
0002 91r0rrEr  1    5  2098   movh.a a14,#@his(DefaultInterruptHandler)
0006 D9EErrrr  1    6  2099   lea a14,[a14]@los(DefaultInterruptHandler)
000A DC0E      1    7  2100   ji a14
                       2101   .sdecl  '.text.inttab1.intvec.058',CODE
0000                   2102   .sect   '.text.inttab1.intvec.058'
0000 E0FF      4    4  2103   bisr #255
0002 91r0rrEr  1    5  2104   movh.a a14,#@his(DefaultInterruptHandler)
0006 D9EErrrr  1    6  2105   lea a14,[a14]@los(DefaultInterruptHandler)
000A DC0E      1    7  2106   ji a14
                       2107   .sdecl  '.text.inttab1.intvec.059',CODE
0000                   2108   .sect   '.text.inttab1.intvec.059'
TASKING VX-toolset for TriCore: assembler v6.3r1 Build 19041558
                                                                                                                           Page  32

ADDR CODE      CYCLES  LINE SOURCE LINE
0000 E0FF      4    4  2109   bisr #255
0002 91r0rrEr  1    5  2110   movh.a a14,#@his(DefaultInterruptHandler)
0006 D9EErrrr  1    6  2111   lea a14,[a14]@los(DefaultInterruptHandler)
000A DC0E      1    7  2112   ji a14
                       2113   .sdecl  '.text.inttab1.intvec.05a',CODE
0000                   2114   .sect   '.text.inttab1.intvec.05a'
0000 E0FF      4    4  2115   bisr #255
0002 91r0rrEr  1    5  2116   movh.a a14,#@his(DefaultInterruptHandler)
0006 D9EErrrr  1    6  2117   lea a14,[a14]@los(DefaultInterruptHandler)
000A DC0E      1    7  2118   ji a14
                       2119   .sdecl  '.text.inttab1.intvec.05b',CODE
0000                   2120   .sect   '.text.inttab1.intvec.05b'
0000 E0FF      4    4  2121   bisr #255
0002 91r0rrEr  1    5  2122   movh.a a14,#@his(DefaultInterruptHandler)
0006 D9EErrrr  1    6  2123   lea a14,[a14]@los(DefaultInterruptHandler)
000A DC0E      1    7  2124   ji a14
                       2125   .sdecl  '.text.inttab1.intvec.05c',CODE
0000                   2126   .sect   '.text.inttab1.intvec.05c'
0000 E0FF      4    4  2127   bisr #255
0002 91r0rrEr  1    5  2128   movh.a a14,#@his(DefaultInterruptHandler)
0006 D9EErrrr  1    6  2129   lea a14,[a14]@los(DefaultInterruptHandler)
000A DC0E      1    7  2130   ji a14
                       2131   .sdecl  '.text.inttab1.intvec.05d',CODE
0000                   2132   .sect   '.text.inttab1.intvec.05d'
0000 E0FF      4    4  2133   bisr #255
0002 91r0rrEr  1    5  2134   movh.a a14,#@his(DefaultInterruptHandler)
0006 D9EErrrr  1    6  2135   lea a14,[a14]@los(DefaultInterruptHandler)
000A DC0E      1    7  2136   ji a14
                       2137   .sdecl  '.text.inttab1.intvec.05e',CODE
0000                   2138   .sect   '.text.inttab1.intvec.05e'
0000 E0FF      4    4  2139   bisr #255
0002 91r0rrEr  1    5  2140   movh.a a14,#@his(DefaultInterruptHandler)
0006 D9EErrrr  1    6  2141   lea a14,[a14]@los(DefaultInterruptHandler)
000A DC0E      1    7  2142   ji a14
                       2143   .sdecl  '.text.inttab1.intvec.05f',CODE
0000                   2144   .sect   '.text.inttab1.intvec.05f'
0000 E0FF      4    4  2145   bisr #255
0002 91r0rrEr  1    5  2146   movh.a a14,#@his(DefaultInterruptHandler)
0006 D9EErrrr  1    6  2147   lea a14,[a14]@los(DefaultInterruptHandler)
000A DC0E      1    7  2148   ji a14
                       2149   .sdecl  '.text.inttab1.intvec.060',CODE
0000                   2150   .sect   '.text.inttab1.intvec.060'
0000 E0FF      4    4  2151   bisr #255
0002 91r0rrEr  1    5  2152   movh.a a14,#@his(DefaultInterruptHandler)
0006 D9EErrrr  1    6  2153   lea a14,[a14]@los(DefaultInterruptHandler)
000A DC0E      1    7  2154   ji a14
                       2155   .sdecl  '.text.inttab1.intvec.061',CODE
0000                   2156   .sect   '.text.inttab1.intvec.061'
0000 E0FF      4    4  2157   bisr #255
0002 91r0rrEr  1    5  2158   movh.a a14,#@his(DefaultInterruptHandler)
0006 D9EErrrr  1    6  2159   lea a14,[a14]@los(DefaultInterruptHandler)
000A DC0E      1    7  2160   ji a14
                       2161   .sdecl  '.text.inttab1.intvec.062',CODE
0000                   2162   .sect   '.text.inttab1.intvec.062'
0000 E0FF      4    4  2163   bisr #255
0002 91r0rrEr  1    5  2164   movh.a a14,#@his(DefaultInterruptHandler)
0006 D9EErrrr  1    6  2165   lea a14,[a14]@los(DefaultInterruptHandler)
000A DC0E      1    7  2166   ji a14
                       2167   .sdecl  '.text.inttab1.intvec.063',CODE
0000                   2168   .sect   '.text.inttab1.intvec.063'
0000 E0FF      4    4  2169   bisr #255
0002 91r0rrEr  1    5  2170   movh.a a14,#@his(DefaultInterruptHandler)
0006 D9EErrrr  1    6  2171   lea a14,[a14]@los(DefaultInterruptHandler)
000A DC0E      1    7  2172   ji a14
                       2173   .sdecl  '.text.inttab1.intvec.064',CODE
0000                   2174   .sect   '.text.inttab1.intvec.064'
0000 E0FF      4    4  2175   bisr #255
0002 91r0rrEr  1    5  2176   movh.a a14,#@his(DefaultInterruptHandler)
TASKING VX-toolset for TriCore: assembler v6.3r1 Build 19041558
                                                                                                                           Page  33

ADDR CODE      CYCLES  LINE SOURCE LINE
0006 D9EErrrr  1    6  2177   lea a14,[a14]@los(DefaultInterruptHandler)
000A DC0E      1    7  2178   ji a14
                       2179   .sdecl  '.text.inttab1.intvec.065',CODE
0000                   2180   .sect   '.text.inttab1.intvec.065'
0000 E0FF      4    4  2181   bisr #255
0002 91r0rrEr  1    5  2182   movh.a a14,#@his(DefaultInterruptHandler)
0006 D9EErrrr  1    6  2183   lea a14,[a14]@los(DefaultInterruptHandler)
000A DC0E      1    7  2184   ji a14
                       2185   .sdecl  '.text.inttab1.intvec.066',CODE
0000                   2186   .sect   '.text.inttab1.intvec.066'
0000 E0FF      4    4  2187   bisr #255
0002 91r0rrEr  1    5  2188   movh.a a14,#@his(DefaultInterruptHandler)
0006 D9EErrrr  1    6  2189   lea a14,[a14]@los(DefaultInterruptHandler)
000A DC0E      1    7  2190   ji a14
                       2191   .sdecl  '.text.inttab1.intvec.067',CODE
0000                   2192   .sect   '.text.inttab1.intvec.067'
0000 E0FF      4    4  2193   bisr #255
0002 91r0rrEr  1    5  2194   movh.a a14,#@his(DefaultInterruptHandler)
0006 D9EErrrr  1    6  2195   lea a14,[a14]@los(DefaultInterruptHandler)
000A DC0E      1    7  2196   ji a14
                       2197   .sdecl  '.text.inttab1.intvec.068',CODE
0000                   2198   .sect   '.text.inttab1.intvec.068'
0000 E0FF      4    4  2199   bisr #255
0002 91r0rrEr  1    5  2200   movh.a a14,#@his(DefaultInterruptHandler)
0006 D9EErrrr  1    6  2201   lea a14,[a14]@los(DefaultInterruptHandler)
000A DC0E      1    7  2202   ji a14
                       2203   .sdecl  '.text.inttab1.intvec.069',CODE
0000                   2204   .sect   '.text.inttab1.intvec.069'
0000 E0FF      4    4  2205   bisr #255
0002 91r0rrEr  1    5  2206   movh.a a14,#@his(DefaultInterruptHandler)
0006 D9EErrrr  1    6  2207   lea a14,[a14]@los(DefaultInterruptHandler)
000A DC0E      1    7  2208   ji a14
                       2209   .sdecl  '.text.inttab1.intvec.06a',CODE
0000                   2210   .sect   '.text.inttab1.intvec.06a'
0000 E0FF      4    4  2211   bisr #255
0002 91r0rrEr  1    5  2212   movh.a a14,#@his(DefaultInterruptHandler)
0006 D9EErrrr  1    6  2213   lea a14,[a14]@los(DefaultInterruptHandler)
000A DC0E      1    7  2214   ji a14
                       2215   .sdecl  '.text.inttab1.intvec.06b',CODE
0000                   2216   .sect   '.text.inttab1.intvec.06b'
0000 E0FF      4    4  2217   bisr #255
0002 91r0rrEr  1    5  2218   movh.a a14,#@his(DefaultInterruptHandler)
0006 D9EErrrr  1    6  2219   lea a14,[a14]@los(DefaultInterruptHandler)
000A DC0E      1    7  2220   ji a14
                       2221   .sdecl  '.text.inttab1.intvec.06c',CODE
0000                   2222   .sect   '.text.inttab1.intvec.06c'
0000 E0FF      4    4  2223   bisr #255
0002 91r0rrEr  1    5  2224   movh.a a14,#@his(DefaultInterruptHandler)
0006 D9EErrrr  1    6  2225   lea a14,[a14]@los(DefaultInterruptHandler)
000A DC0E      1    7  2226   ji a14
                       2227   .sdecl  '.text.inttab1.intvec.06d',CODE
0000                   2228   .sect   '.text.inttab1.intvec.06d'
0000 E0FF      4    4  2229   bisr #255
0002 91r0rrEr  1    5  2230   movh.a a14,#@his(DefaultInterruptHandler)
0006 D9EErrrr  1    6  2231   lea a14,[a14]@los(DefaultInterruptHandler)
000A DC0E      1    7  2232   ji a14
                       2233   .sdecl  '.text.inttab1.intvec.06e',CODE
0000                   2234   .sect   '.text.inttab1.intvec.06e'
0000 E0FF      4    4  2235   bisr #255
0002 91r0rrEr  1    5  2236   movh.a a14,#@his(DefaultInterruptHandler)
0006 D9EErrrr  1    6  2237   lea a14,[a14]@los(DefaultInterruptHandler)
000A DC0E      1    7  2238   ji a14
                       2239   .sdecl  '.text.inttab1.intvec.06f',CODE
0000                   2240   .sect   '.text.inttab1.intvec.06f'
0000 E0FF      4    4  2241   bisr #255
0002 91r0rrEr  1    5  2242   movh.a a14,#@his(DefaultInterruptHandler)
0006 D9EErrrr  1    6  2243   lea a14,[a14]@los(DefaultInterruptHandler)
000A DC0E      1    7  2244   ji a14
TASKING VX-toolset for TriCore: assembler v6.3r1 Build 19041558
                                                                                                                           Page  34

ADDR CODE      CYCLES  LINE SOURCE LINE
                       2245   .sdecl  '.text.inttab1.intvec.070',CODE
0000                   2246   .sect   '.text.inttab1.intvec.070'
0000 E0FF      4    4  2247   bisr #255
0002 91r0rrEr  1    5  2248   movh.a a14,#@his(DefaultInterruptHandler)
0006 D9EErrrr  1    6  2249   lea a14,[a14]@los(DefaultInterruptHandler)
000A DC0E      1    7  2250   ji a14
                       2251   .sdecl  '.text.inttab1.intvec.071',CODE
0000                   2252   .sect   '.text.inttab1.intvec.071'
0000 E0FF      4    4  2253   bisr #255
0002 91r0rrEr  1    5  2254   movh.a a14,#@his(DefaultInterruptHandler)
0006 D9EErrrr  1    6  2255   lea a14,[a14]@los(DefaultInterruptHandler)
000A DC0E      1    7  2256   ji a14
                       2257   .sdecl  '.text.inttab1.intvec.072',CODE
0000                   2258   .sect   '.text.inttab1.intvec.072'
0000 E0FF      4    4  2259   bisr #255
0002 91r0rrEr  1    5  2260   movh.a a14,#@his(DefaultInterruptHandler)
0006 D9EErrrr  1    6  2261   lea a14,[a14]@los(DefaultInterruptHandler)
000A DC0E      1    7  2262   ji a14
                       2263   .sdecl  '.text.inttab1.intvec.073',CODE
0000                   2264   .sect   '.text.inttab1.intvec.073'
0000 E0FF      4    4  2265   bisr #255
0002 91r0rrEr  1    5  2266   movh.a a14,#@his(DefaultInterruptHandler)
0006 D9EErrrr  1    6  2267   lea a14,[a14]@los(DefaultInterruptHandler)
000A DC0E      1    7  2268   ji a14
                       2269   .sdecl  '.text.inttab1.intvec.074',CODE
0000                   2270   .sect   '.text.inttab1.intvec.074'
0000 E0FF      4    4  2271   bisr #255
0002 91r0rrEr  1    5  2272   movh.a a14,#@his(DefaultInterruptHandler)
0006 D9EErrrr  1    6  2273   lea a14,[a14]@los(DefaultInterruptHandler)
000A DC0E      1    7  2274   ji a14
                       2275   .sdecl  '.text.inttab1.intvec.075',CODE
0000                   2276   .sect   '.text.inttab1.intvec.075'
0000 E0FF      4    4  2277   bisr #255
0002 91r0rrEr  1    5  2278   movh.a a14,#@his(DefaultInterruptHandler)
0006 D9EErrrr  1    6  2279   lea a14,[a14]@los(DefaultInterruptHandler)
000A DC0E      1    7  2280   ji a14
                       2281   .sdecl  '.text.inttab1.intvec.076',CODE
0000                   2282   .sect   '.text.inttab1.intvec.076'
0000 E0FF      4    4  2283   bisr #255
0002 91r0rrEr  1    5  2284   movh.a a14,#@his(DefaultInterruptHandler)
0006 D9EErrrr  1    6  2285   lea a14,[a14]@los(DefaultInterruptHandler)
000A DC0E      1    7  2286   ji a14
                       2287   .sdecl  '.text.inttab1.intvec.077',CODE
0000                   2288   .sect   '.text.inttab1.intvec.077'
0000 E0FF      4    4  2289   bisr #255
0002 91r0rrEr  1    5  2290   movh.a a14,#@his(DefaultInterruptHandler)
0006 D9EErrrr  1    6  2291   lea a14,[a14]@los(DefaultInterruptHandler)
000A DC0E      1    7  2292   ji a14
                       2293   .sdecl  '.text.inttab1.intvec.078',CODE
0000                   2294   .sect   '.text.inttab1.intvec.078'
0000 E0FF      4    4  2295   bisr #255
0002 91r0rrEr  1    5  2296   movh.a a14,#@his(DefaultInterruptHandler)
0006 D9EErrrr  1    6  2297   lea a14,[a14]@los(DefaultInterruptHandler)
000A DC0E      1    7  2298   ji a14
                       2299   .sdecl  '.text.inttab1.intvec.079',CODE
0000                   2300   .sect   '.text.inttab1.intvec.079'
0000 E0FF      4    4  2301   bisr #255
0002 91r0rrEr  1    5  2302   movh.a a14,#@his(DefaultInterruptHandler)
0006 D9EErrrr  1    6  2303   lea a14,[a14]@los(DefaultInterruptHandler)
000A DC0E      1    7  2304   ji a14
                       2305   .sdecl  '.text.inttab1.intvec.07a',CODE
0000                   2306   .sect   '.text.inttab1.intvec.07a'
0000 E0FF      4    4  2307   bisr #255
0002 91r0rrEr  1    5  2308   movh.a a14,#@his(DefaultInterruptHandler)
0006 D9EErrrr  1    6  2309   lea a14,[a14]@los(DefaultInterruptHandler)
000A DC0E      1    7  2310   ji a14
                       2311   .sdecl  '.text.inttab1.intvec.07b',CODE
0000                   2312   .sect   '.text.inttab1.intvec.07b'
TASKING VX-toolset for TriCore: assembler v6.3r1 Build 19041558
                                                                                                                           Page  35

ADDR CODE      CYCLES  LINE SOURCE LINE
0000 E0FF      4    4  2313   bisr #255
0002 91r0rrEr  1    5  2314   movh.a a14,#@his(DefaultInterruptHandler)
0006 D9EErrrr  1    6  2315   lea a14,[a14]@los(DefaultInterruptHandler)
000A DC0E      1    7  2316   ji a14
                       2317   .sdecl  '.text.inttab1.intvec.07c',CODE
0000                   2318   .sect   '.text.inttab1.intvec.07c'
0000 E0FF      4    4  2319   bisr #255
0002 91r0rrEr  1    5  2320   movh.a a14,#@his(DefaultInterruptHandler)
0006 D9EErrrr  1    6  2321   lea a14,[a14]@los(DefaultInterruptHandler)
000A DC0E      1    7  2322   ji a14
                       2323   .sdecl  '.text.inttab1.intvec.07d',CODE
0000                   2324   .sect   '.text.inttab1.intvec.07d'
0000 E0FF      4    4  2325   bisr #255
0002 91r0rrEr  1    5  2326   movh.a a14,#@his(DefaultInterruptHandler)
0006 D9EErrrr  1    6  2327   lea a14,[a14]@los(DefaultInterruptHandler)
000A DC0E      1    7  2328   ji a14
                       2329   .sdecl  '.text.inttab1.intvec.07e',CODE
0000                   2330   .sect   '.text.inttab1.intvec.07e'
0000 E0FF      4    4  2331   bisr #255
0002 91r0rrEr  1    5  2332   movh.a a14,#@his(DefaultInterruptHandler)
0006 D9EErrrr  1    6  2333   lea a14,[a14]@los(DefaultInterruptHandler)
000A DC0E      1    7  2334   ji a14
                       2335   .sdecl  '.text.inttab1.intvec.07f',CODE
0000                   2336   .sect   '.text.inttab1.intvec.07f'
0000 E0FF      4    4  2337   bisr #255
0002 91r0rrEr  1    5  2338   movh.a a14,#@his(DefaultInterruptHandler)
0006 D9EErrrr  1    6  2339   lea a14,[a14]@los(DefaultInterruptHandler)
000A DC0E      1    7  2340   ji a14
                       2341   .sdecl  '.text.inttab1.intvec.080',CODE
0000                   2342   .sect   '.text.inttab1.intvec.080'
0000 E0FF      4    4  2343   bisr #255
0002 91r0rrEr  1    5  2344   movh.a a14,#@his(DefaultInterruptHandler)
0006 D9EErrrr  1    6  2345   lea a14,[a14]@los(DefaultInterruptHandler)
000A DC0E      1    7  2346   ji a14
                       2347   .sdecl  '.text.inttab1.intvec.081',CODE
0000                   2348   .sect   '.text.inttab1.intvec.081'
0000 E0FF      4    4  2349   bisr #255
0002 91r0rrEr  1    5  2350   movh.a a14,#@his(DefaultInterruptHandler)
0006 D9EErrrr  1    6  2351   lea a14,[a14]@los(DefaultInterruptHandler)
000A DC0E      1    7  2352   ji a14
                       2353   .sdecl  '.text.inttab1.intvec.082',CODE
0000                   2354   .sect   '.text.inttab1.intvec.082'
0000 E0FF      4    4  2355   bisr #255
0002 91r0rrEr  1    5  2356   movh.a a14,#@his(DefaultInterruptHandler)
0006 D9EErrrr  1    6  2357   lea a14,[a14]@los(DefaultInterruptHandler)
000A DC0E      1    7  2358   ji a14
                       2359   .sdecl  '.text.inttab1.intvec.083',CODE
0000                   2360   .sect   '.text.inttab1.intvec.083'
0000 E0FF      4    4  2361   bisr #255
0002 91r0rrEr  1    5  2362   movh.a a14,#@his(DefaultInterruptHandler)
0006 D9EErrrr  1    6  2363   lea a14,[a14]@los(DefaultInterruptHandler)
000A DC0E      1    7  2364   ji a14
                       2365   .sdecl  '.text.inttab1.intvec.084',CODE
0000                   2366   .sect   '.text.inttab1.intvec.084'
0000 E0FF      4    4  2367   bisr #255
0002 91r0rrEr  1    5  2368   movh.a a14,#@his(DefaultInterruptHandler)
0006 D9EErrrr  1    6  2369   lea a14,[a14]@los(DefaultInterruptHandler)
000A DC0E      1    7  2370   ji a14
                       2371   .sdecl  '.text.inttab1.intvec.085',CODE
0000                   2372   .sect   '.text.inttab1.intvec.085'
0000 E0FF      4    4  2373   bisr #255
0002 91r0rrEr  1    5  2374   movh.a a14,#@his(DefaultInterruptHandler)
0006 D9EErrrr  1    6  2375   lea a14,[a14]@los(DefaultInterruptHandler)
000A DC0E      1    7  2376   ji a14
                       2377   .sdecl  '.text.inttab1.intvec.086',CODE
0000                   2378   .sect   '.text.inttab1.intvec.086'
0000 E0FF      4    4  2379   bisr #255
0002 91r0rrEr  1    5  2380   movh.a a14,#@his(DefaultInterruptHandler)
TASKING VX-toolset for TriCore: assembler v6.3r1 Build 19041558
                                                                                                                           Page  36

ADDR CODE      CYCLES  LINE SOURCE LINE
0006 D9EErrrr  1    6  2381   lea a14,[a14]@los(DefaultInterruptHandler)
000A DC0E      1    7  2382   ji a14
                       2383   .sdecl  '.text.inttab1.intvec.087',CODE
0000                   2384   .sect   '.text.inttab1.intvec.087'
0000 E0FF      4    4  2385   bisr #255
0002 91r0rrEr  1    5  2386   movh.a a14,#@his(DefaultInterruptHandler)
0006 D9EErrrr  1    6  2387   lea a14,[a14]@los(DefaultInterruptHandler)
000A DC0E      1    7  2388   ji a14
                       2389   .sdecl  '.text.inttab1.intvec.088',CODE
0000                   2390   .sect   '.text.inttab1.intvec.088'
0000 E0FF      4    4  2391   bisr #255
0002 91r0rrEr  1    5  2392   movh.a a14,#@his(DefaultInterruptHandler)
0006 D9EErrrr  1    6  2393   lea a14,[a14]@los(DefaultInterruptHandler)
000A DC0E      1    7  2394   ji a14
                       2395   .sdecl  '.text.inttab1.intvec.089',CODE
0000                   2396   .sect   '.text.inttab1.intvec.089'
0000 E0FF      4    4  2397   bisr #255
0002 91r0rrEr  1    5  2398   movh.a a14,#@his(DefaultInterruptHandler)
0006 D9EErrrr  1    6  2399   lea a14,[a14]@los(DefaultInterruptHandler)
000A DC0E      1    7  2400   ji a14
                       2401   .sdecl  '.text.inttab1.intvec.08a',CODE
0000                   2402   .sect   '.text.inttab1.intvec.08a'
0000 E0FF      4    4  2403   bisr #255
0002 91r0rrEr  1    5  2404   movh.a a14,#@his(DefaultInterruptHandler)
0006 D9EErrrr  1    6  2405   lea a14,[a14]@los(DefaultInterruptHandler)
000A DC0E      1    7  2406   ji a14
                       2407   .sdecl  '.text.inttab1.intvec.08b',CODE
0000                   2408   .sect   '.text.inttab1.intvec.08b'
0000 E0FF      4    4  2409   bisr #255
0002 91r0rrEr  1    5  2410   movh.a a14,#@his(DefaultInterruptHandler)
0006 D9EErrrr  1    6  2411   lea a14,[a14]@los(DefaultInterruptHandler)
000A DC0E      1    7  2412   ji a14
                       2413   .sdecl  '.text.inttab1.intvec.08c',CODE
0000                   2414   .sect   '.text.inttab1.intvec.08c'
0000 E0FF      4    4  2415   bisr #255
0002 91r0rrEr  1    5  2416   movh.a a14,#@his(DefaultInterruptHandler)
0006 D9EErrrr  1    6  2417   lea a14,[a14]@los(DefaultInterruptHandler)
000A DC0E      1    7  2418   ji a14
                       2419   .sdecl  '.text.inttab1.intvec.08d',CODE
0000                   2420   .sect   '.text.inttab1.intvec.08d'
0000 E0FF      4    4  2421   bisr #255
0002 91r0rrEr  1    5  2422   movh.a a14,#@his(DefaultInterruptHandler)
0006 D9EErrrr  1    6  2423   lea a14,[a14]@los(DefaultInterruptHandler)
000A DC0E      1    7  2424   ji a14
                       2425   .sdecl  '.text.inttab1.intvec.08e',CODE
0000                   2426   .sect   '.text.inttab1.intvec.08e'
0000 E0FF      4    4  2427   bisr #255
0002 91r0rrEr  1    5  2428   movh.a a14,#@his(DefaultInterruptHandler)
0006 D9EErrrr  1    6  2429   lea a14,[a14]@los(DefaultInterruptHandler)
000A DC0E      1    7  2430   ji a14
                       2431   .sdecl  '.text.inttab1.intvec.08f',CODE
0000                   2432   .sect   '.text.inttab1.intvec.08f'
0000 E0FF      4    4  2433   bisr #255
0002 91r0rrEr  1    5  2434   movh.a a14,#@his(DefaultInterruptHandler)
0006 D9EErrrr  1    6  2435   lea a14,[a14]@los(DefaultInterruptHandler)
000A DC0E      1    7  2436   ji a14
                       2437   .sdecl  '.text.inttab1.intvec.090',CODE
0000                   2438   .sect   '.text.inttab1.intvec.090'
0000 E0FF      4    4  2439   bisr #255
0002 91r0rrEr  1    5  2440   movh.a a14,#@his(DefaultInterruptHandler)
0006 D9EErrrr  1    6  2441   lea a14,[a14]@los(DefaultInterruptHandler)
000A DC0E      1    7  2442   ji a14
                       2443   .sdecl  '.text.inttab1.intvec.091',CODE
0000                   2444   .sect   '.text.inttab1.intvec.091'
0000 E0FF      4    4  2445   bisr #255
0002 91r0rrEr  1    5  2446   movh.a a14,#@his(DefaultInterruptHandler)
0006 D9EErrrr  1    6  2447   lea a14,[a14]@los(DefaultInterruptHandler)
000A DC0E      1    7  2448   ji a14
TASKING VX-toolset for TriCore: assembler v6.3r1 Build 19041558
                                                                                                                           Page  37

ADDR CODE      CYCLES  LINE SOURCE LINE
                       2449   .sdecl  '.text.inttab1.intvec.092',CODE
0000                   2450   .sect   '.text.inttab1.intvec.092'
0000 E0FF      4    4  2451   bisr #255
0002 91r0rrEr  1    5  2452   movh.a a14,#@his(DefaultInterruptHandler)
0006 D9EErrrr  1    6  2453   lea a14,[a14]@los(DefaultInterruptHandler)
000A DC0E      1    7  2454   ji a14
                       2455   .sdecl  '.text.inttab1.intvec.093',CODE
0000                   2456   .sect   '.text.inttab1.intvec.093'
0000 E0FF      4    4  2457   bisr #255
0002 91r0rrEr  1    5  2458   movh.a a14,#@his(DefaultInterruptHandler)
0006 D9EErrrr  1    6  2459   lea a14,[a14]@los(DefaultInterruptHandler)
000A DC0E      1    7  2460   ji a14
                       2461   .sdecl  '.text.inttab1.intvec.094',CODE
0000                   2462   .sect   '.text.inttab1.intvec.094'
0000 E0FF      4    4  2463   bisr #255
0002 91r0rrEr  1    5  2464   movh.a a14,#@his(DefaultInterruptHandler)
0006 D9EErrrr  1    6  2465   lea a14,[a14]@los(DefaultInterruptHandler)
000A DC0E      1    7  2466   ji a14
                       2467   .sdecl  '.text.inttab1.intvec.095',CODE
0000                   2468   .sect   '.text.inttab1.intvec.095'
0000 E0FF      4    4  2469   bisr #255
0002 91r0rrEr  1    5  2470   movh.a a14,#@his(DefaultInterruptHandler)
0006 D9EErrrr  1    6  2471   lea a14,[a14]@los(DefaultInterruptHandler)
000A DC0E      1    7  2472   ji a14
                       2473   .sdecl  '.text.inttab1.intvec.096',CODE
0000                   2474   .sect   '.text.inttab1.intvec.096'
0000 E0FF      4    4  2475   bisr #255
0002 91r0rrEr  1    5  2476   movh.a a14,#@his(DefaultInterruptHandler)
0006 D9EErrrr  1    6  2477   lea a14,[a14]@los(DefaultInterruptHandler)
000A DC0E      1    7  2478   ji a14
                       2479   .sdecl  '.text.inttab1.intvec.097',CODE
0000                   2480   .sect   '.text.inttab1.intvec.097'
0000 E0FF      4    4  2481   bisr #255
0002 91r0rrEr  1    5  2482   movh.a a14,#@his(DefaultInterruptHandler)
0006 D9EErrrr  1    6  2483   lea a14,[a14]@los(DefaultInterruptHandler)
000A DC0E      1    7  2484   ji a14
                       2485   .sdecl  '.text.inttab1.intvec.098',CODE
0000                   2486   .sect   '.text.inttab1.intvec.098'
0000 E0FF      4    4  2487   bisr #255
0002 91r0rrEr  1    5  2488   movh.a a14,#@his(DefaultInterruptHandler)
0006 D9EErrrr  1    6  2489   lea a14,[a14]@los(DefaultInterruptHandler)
000A DC0E      1    7  2490   ji a14
                       2491   .sdecl  '.text.inttab1.intvec.099',CODE
0000                   2492   .sect   '.text.inttab1.intvec.099'
0000 E0FF      4    4  2493   bisr #255
0002 91r0rrEr  1    5  2494   movh.a a14,#@his(DefaultInterruptHandler)
0006 D9EErrrr  1    6  2495   lea a14,[a14]@los(DefaultInterruptHandler)
000A DC0E      1    7  2496   ji a14
                       2497   .sdecl  '.text.inttab1.intvec.09a',CODE
0000                   2498   .sect   '.text.inttab1.intvec.09a'
0000 E0FF      4    4  2499   bisr #255
0002 91r0rrEr  1    5  2500   movh.a a14,#@his(DefaultInterruptHandler)
0006 D9EErrrr  1    6  2501   lea a14,[a14]@los(DefaultInterruptHandler)
000A DC0E      1    7  2502   ji a14
                       2503   .sdecl  '.text.inttab1.intvec.09b',CODE
0000                   2504   .sect   '.text.inttab1.intvec.09b'
0000 E0FF      4    4  2505   bisr #255
0002 91r0rrEr  1    5  2506   movh.a a14,#@his(DefaultInterruptHandler)
0006 D9EErrrr  1    6  2507   lea a14,[a14]@los(DefaultInterruptHandler)
000A DC0E      1    7  2508   ji a14
                       2509   .sdecl  '.text.inttab1.intvec.09c',CODE
0000                   2510   .sect   '.text.inttab1.intvec.09c'
0000 E0FF      4    4  2511   bisr #255
0002 91r0rrEr  1    5  2512   movh.a a14,#@his(DefaultInterruptHandler)
0006 D9EErrrr  1    6  2513   lea a14,[a14]@los(DefaultInterruptHandler)
000A DC0E      1    7  2514   ji a14
                       2515   .sdecl  '.text.inttab1.intvec.09d',CODE
0000                   2516   .sect   '.text.inttab1.intvec.09d'
TASKING VX-toolset for TriCore: assembler v6.3r1 Build 19041558
                                                                                                                           Page  38

ADDR CODE      CYCLES  LINE SOURCE LINE
0000 E0FF      4    4  2517   bisr #255
0002 91r0rrEr  1    5  2518   movh.a a14,#@his(DefaultInterruptHandler)
0006 D9EErrrr  1    6  2519   lea a14,[a14]@los(DefaultInterruptHandler)
000A DC0E      1    7  2520   ji a14
                       2521   .sdecl  '.text.inttab1.intvec.09e',CODE
0000                   2522   .sect   '.text.inttab1.intvec.09e'
0000 E0FF      4    4  2523   bisr #255
0002 91r0rrEr  1    5  2524   movh.a a14,#@his(DefaultInterruptHandler)
0006 D9EErrrr  1    6  2525   lea a14,[a14]@los(DefaultInterruptHandler)
000A DC0E      1    7  2526   ji a14
                       2527   .sdecl  '.text.inttab1.intvec.09f',CODE
0000                   2528   .sect   '.text.inttab1.intvec.09f'
0000 E0FF      4    4  2529   bisr #255
0002 91r0rrEr  1    5  2530   movh.a a14,#@his(DefaultInterruptHandler)
0006 D9EErrrr  1    6  2531   lea a14,[a14]@los(DefaultInterruptHandler)
000A DC0E      1    7  2532   ji a14
                       2533   .sdecl  '.text.inttab1.intvec.0a0',CODE
0000                   2534   .sect   '.text.inttab1.intvec.0a0'
0000 E0FF      4    4  2535   bisr #255
0002 91r0rrEr  1    5  2536   movh.a a14,#@his(DefaultInterruptHandler)
0006 D9EErrrr  1    6  2537   lea a14,[a14]@los(DefaultInterruptHandler)
000A DC0E      1    7  2538   ji a14
                       2539   .sdecl  '.text.inttab1.intvec.0a1',CODE
0000                   2540   .sect   '.text.inttab1.intvec.0a1'
0000 E0FF      4    4  2541   bisr #255
0002 91r0rrEr  1    5  2542   movh.a a14,#@his(DefaultInterruptHandler)
0006 D9EErrrr  1    6  2543   lea a14,[a14]@los(DefaultInterruptHandler)
000A DC0E      1    7  2544   ji a14
                       2545   .sdecl  '.text.inttab1.intvec.0a2',CODE
0000                   2546   .sect   '.text.inttab1.intvec.0a2'
0000 E0FF      4    4  2547   bisr #255
0002 91r0rrEr  1    5  2548   movh.a a14,#@his(DefaultInterruptHandler)
0006 D9EErrrr  1    6  2549   lea a14,[a14]@los(DefaultInterruptHandler)
000A DC0E      1    7  2550   ji a14
                       2551   .sdecl  '.text.inttab1.intvec.0a3',CODE
0000                   2552   .sect   '.text.inttab1.intvec.0a3'
0000 E0FF      4    4  2553   bisr #255
0002 91r0rrEr  1    5  2554   movh.a a14,#@his(DefaultInterruptHandler)
0006 D9EErrrr  1    6  2555   lea a14,[a14]@los(DefaultInterruptHandler)
000A DC0E      1    7  2556   ji a14
                       2557   .sdecl  '.text.inttab1.intvec.0a4',CODE
0000                   2558   .sect   '.text.inttab1.intvec.0a4'
0000 E0FF      4    4  2559   bisr #255
0002 91r0rrEr  1    5  2560   movh.a a14,#@his(DefaultInterruptHandler)
0006 D9EErrrr  1    6  2561   lea a14,[a14]@los(DefaultInterruptHandler)
000A DC0E      1    7  2562   ji a14
                       2563   .sdecl  '.text.inttab1.intvec.0a5',CODE
0000                   2564   .sect   '.text.inttab1.intvec.0a5'
0000 E0FF      4    4  2565   bisr #255
0002 91r0rrEr  1    5  2566   movh.a a14,#@his(DefaultInterruptHandler)
0006 D9EErrrr  1    6  2567   lea a14,[a14]@los(DefaultInterruptHandler)
000A DC0E      1    7  2568   ji a14
                       2569   .sdecl  '.text.inttab1.intvec.0a6',CODE
0000                   2570   .sect   '.text.inttab1.intvec.0a6'
0000 E0FF      4    4  2571   bisr #255
0002 91r0rrEr  1    5  2572   movh.a a14,#@his(DefaultInterruptHandler)
0006 D9EErrrr  1    6  2573   lea a14,[a14]@los(DefaultInterruptHandler)
000A DC0E      1    7  2574   ji a14
                       2575   .sdecl  '.text.inttab1.intvec.0a7',CODE
0000                   2576   .sect   '.text.inttab1.intvec.0a7'
0000 E0FF      4    4  2577   bisr #255
0002 91r0rrEr  1    5  2578   movh.a a14,#@his(DefaultInterruptHandler)
0006 D9EErrrr  1    6  2579   lea a14,[a14]@los(DefaultInterruptHandler)
000A DC0E      1    7  2580   ji a14
                       2581   .sdecl  '.text.inttab1.intvec.0a8',CODE
0000                   2582   .sect   '.text.inttab1.intvec.0a8'
0000 E0FF      4    4  2583   bisr #255
0002 91r0rrEr  1    5  2584   movh.a a14,#@his(DefaultInterruptHandler)
TASKING VX-toolset for TriCore: assembler v6.3r1 Build 19041558
                                                                                                                           Page  39

ADDR CODE      CYCLES  LINE SOURCE LINE
0006 D9EErrrr  1    6  2585   lea a14,[a14]@los(DefaultInterruptHandler)
000A DC0E      1    7  2586   ji a14
                       2587   .sdecl  '.text.inttab1.intvec.0a9',CODE
0000                   2588   .sect   '.text.inttab1.intvec.0a9'
0000 E0FF      4    4  2589   bisr #255
0002 91r0rrEr  1    5  2590   movh.a a14,#@his(DefaultInterruptHandler)
0006 D9EErrrr  1    6  2591   lea a14,[a14]@los(DefaultInterruptHandler)
000A DC0E      1    7  2592   ji a14
                       2593   .sdecl  '.text.inttab1.intvec.0aa',CODE
0000                   2594   .sect   '.text.inttab1.intvec.0aa'
0000 E0FF      4    4  2595   bisr #255
0002 91r0rrEr  1    5  2596   movh.a a14,#@his(DefaultInterruptHandler)
0006 D9EErrrr  1    6  2597   lea a14,[a14]@los(DefaultInterruptHandler)
000A DC0E      1    7  2598   ji a14
                       2599   .sdecl  '.text.inttab1.intvec.0ab',CODE
0000                   2600   .sect   '.text.inttab1.intvec.0ab'
0000 E0FF      4    4  2601   bisr #255
0002 91r0rrEr  1    5  2602   movh.a a14,#@his(DefaultInterruptHandler)
0006 D9EErrrr  1    6  2603   lea a14,[a14]@los(DefaultInterruptHandler)
000A DC0E      1    7  2604   ji a14
                       2605   .sdecl  '.text.inttab1.intvec.0ac',CODE
0000                   2606   .sect   '.text.inttab1.intvec.0ac'
0000 E0FF      4    4  2607   bisr #255
0002 91r0rrEr  1    5  2608   movh.a a14,#@his(DefaultInterruptHandler)
0006 D9EErrrr  1    6  2609   lea a14,[a14]@los(DefaultInterruptHandler)
000A DC0E      1    7  2610   ji a14
                       2611   .sdecl  '.text.inttab1.intvec.0ad',CODE
0000                   2612   .sect   '.text.inttab1.intvec.0ad'
0000 E0FF      4    4  2613   bisr #255
0002 91r0rrEr  1    5  2614   movh.a a14,#@his(DefaultInterruptHandler)
0006 D9EErrrr  1    6  2615   lea a14,[a14]@los(DefaultInterruptHandler)
000A DC0E      1    7  2616   ji a14
                       2617   .sdecl  '.text.inttab1.intvec.0ae',CODE
0000                   2618   .sect   '.text.inttab1.intvec.0ae'
0000 E0FF      4    4  2619   bisr #255
0002 91r0rrEr  1    5  2620   movh.a a14,#@his(DefaultInterruptHandler)
0006 D9EErrrr  1    6  2621   lea a14,[a14]@los(DefaultInterruptHandler)
000A DC0E      1    7  2622   ji a14
                       2623   .sdecl  '.text.inttab1.intvec.0af',CODE
0000                   2624   .sect   '.text.inttab1.intvec.0af'
0000 E0FF      4    4  2625   bisr #255
0002 91r0rrEr  1    5  2626   movh.a a14,#@his(DefaultInterruptHandler)
0006 D9EErrrr  1    6  2627   lea a14,[a14]@los(DefaultInterruptHandler)
000A DC0E      1    7  2628   ji a14
                       2629   .sdecl  '.text.inttab1.intvec.0b0',CODE
0000                   2630   .sect   '.text.inttab1.intvec.0b0'
0000 E0FF      4    4  2631   bisr #255
0002 91r0rrEr  1    5  2632   movh.a a14,#@his(DefaultInterruptHandler)
0006 D9EErrrr  1    6  2633   lea a14,[a14]@los(DefaultInterruptHandler)
000A DC0E      1    7  2634   ji a14
                       2635   .sdecl  '.text.inttab1.intvec.0b1',CODE
0000                   2636   .sect   '.text.inttab1.intvec.0b1'
0000 E0FF      4    4  2637   bisr #255
0002 91r0rrEr  1    5  2638   movh.a a14,#@his(DefaultInterruptHandler)
0006 D9EErrrr  1    6  2639   lea a14,[a14]@los(DefaultInterruptHandler)
000A DC0E      1    7  2640   ji a14
                       2641   .sdecl  '.text.inttab1.intvec.0b2',CODE
0000                   2642   .sect   '.text.inttab1.intvec.0b2'
0000 E0FF      4    4  2643   bisr #255
0002 91r0rrEr  1    5  2644   movh.a a14,#@his(DefaultInterruptHandler)
0006 D9EErrrr  1    6  2645   lea a14,[a14]@los(DefaultInterruptHandler)
000A DC0E      1    7  2646   ji a14
                       2647   .sdecl  '.text.inttab1.intvec.0b3',CODE
0000                   2648   .sect   '.text.inttab1.intvec.0b3'
0000 E0FF      4    4  2649   bisr #255
0002 91r0rrEr  1    5  2650   movh.a a14,#@his(DefaultInterruptHandler)
0006 D9EErrrr  1    6  2651   lea a14,[a14]@los(DefaultInterruptHandler)
000A DC0E      1    7  2652   ji a14
TASKING VX-toolset for TriCore: assembler v6.3r1 Build 19041558
                                                                                                                           Page  40

ADDR CODE      CYCLES  LINE SOURCE LINE
                       2653   .sdecl  '.text.inttab1.intvec.0b4',CODE
0000                   2654   .sect   '.text.inttab1.intvec.0b4'
0000 E0FF      4    4  2655   bisr #255
0002 91r0rrEr  1    5  2656   movh.a a14,#@his(DefaultInterruptHandler)
0006 D9EErrrr  1    6  2657   lea a14,[a14]@los(DefaultInterruptHandler)
000A DC0E      1    7  2658   ji a14
                       2659   .sdecl  '.text.inttab1.intvec.0b5',CODE
0000                   2660   .sect   '.text.inttab1.intvec.0b5'
0000 E0FF      4    4  2661   bisr #255
0002 91r0rrEr  1    5  2662   movh.a a14,#@his(DefaultInterruptHandler)
0006 D9EErrrr  1    6  2663   lea a14,[a14]@los(DefaultInterruptHandler)
000A DC0E      1    7  2664   ji a14
                       2665   .sdecl  '.text.inttab1.intvec.0b6',CODE
0000                   2666   .sect   '.text.inttab1.intvec.0b6'
0000 E0FF      4    4  2667   bisr #255
0002 91r0rrEr  1    5  2668   movh.a a14,#@his(DefaultInterruptHandler)
0006 D9EErrrr  1    6  2669   lea a14,[a14]@los(DefaultInterruptHandler)
000A DC0E      1    7  2670   ji a14
                       2671   .sdecl  '.text.inttab1.intvec.0b7',CODE
0000                   2672   .sect   '.text.inttab1.intvec.0b7'
0000 E0FF      4    4  2673   bisr #255
0002 91r0rrEr  1    5  2674   movh.a a14,#@his(DefaultInterruptHandler)
0006 D9EErrrr  1    6  2675   lea a14,[a14]@los(DefaultInterruptHandler)
000A DC0E      1    7  2676   ji a14
                       2677   .sdecl  '.text.inttab1.intvec.0b8',CODE
0000                   2678   .sect   '.text.inttab1.intvec.0b8'
0000 E0FF      4    4  2679   bisr #255
0002 91r0rrEr  1    5  2680   movh.a a14,#@his(DefaultInterruptHandler)
0006 D9EErrrr  1    6  2681   lea a14,[a14]@los(DefaultInterruptHandler)
000A DC0E      1    7  2682   ji a14
                       2683   .sdecl  '.text.inttab1.intvec.0b9',CODE
0000                   2684   .sect   '.text.inttab1.intvec.0b9'
0000 E0FF      4    4  2685   bisr #255
0002 91r0rrEr  1    5  2686   movh.a a14,#@his(DefaultInterruptHandler)
0006 D9EErrrr  1    6  2687   lea a14,[a14]@los(DefaultInterruptHandler)
000A DC0E      1    7  2688   ji a14
                       2689   .sdecl  '.text.inttab1.intvec.0ba',CODE
0000                   2690   .sect   '.text.inttab1.intvec.0ba'
0000 E0FF      4    4  2691   bisr #255
0002 91r0rrEr  1    5  2692   movh.a a14,#@his(DefaultInterruptHandler)
0006 D9EErrrr  1    6  2693   lea a14,[a14]@los(DefaultInterruptHandler)
000A DC0E      1    7  2694   ji a14
                       2695   .sdecl  '.text.inttab1.intvec.0bb',CODE
0000                   2696   .sect   '.text.inttab1.intvec.0bb'
0000 E0FF      4    4  2697   bisr #255
0002 91r0rrEr  1    5  2698   movh.a a14,#@his(DefaultInterruptHandler)
0006 D9EErrrr  1    6  2699   lea a14,[a14]@los(DefaultInterruptHandler)
000A DC0E      1    7  2700   ji a14
                       2701   .sdecl  '.text.inttab1.intvec.0bc',CODE
0000                   2702   .sect   '.text.inttab1.intvec.0bc'
0000 E0FF      4    4  2703   bisr #255
0002 91r0rrEr  1    5  2704   movh.a a14,#@his(DefaultInterruptHandler)
0006 D9EErrrr  1    6  2705   lea a14,[a14]@los(DefaultInterruptHandler)
000A DC0E      1    7  2706   ji a14
                       2707   .sdecl  '.text.inttab1.intvec.0bd',CODE
0000                   2708   .sect   '.text.inttab1.intvec.0bd'
0000 E0FF      4    4  2709   bisr #255
0002 91r0rrEr  1    5  2710   movh.a a14,#@his(DefaultInterruptHandler)
0006 D9EErrrr  1    6  2711   lea a14,[a14]@los(DefaultInterruptHandler)
000A DC0E      1    7  2712   ji a14
                       2713   .sdecl  '.text.inttab1.intvec.0be',CODE
0000                   2714   .sect   '.text.inttab1.intvec.0be'
0000 E0FF      4    4  2715   bisr #255
0002 91r0rrEr  1    5  2716   movh.a a14,#@his(DefaultInterruptHandler)
0006 D9EErrrr  1    6  2717   lea a14,[a14]@los(DefaultInterruptHandler)
000A DC0E      1    7  2718   ji a14
                       2719   .sdecl  '.text.inttab1.intvec.0bf',CODE
0000                   2720   .sect   '.text.inttab1.intvec.0bf'
TASKING VX-toolset for TriCore: assembler v6.3r1 Build 19041558
                                                                                                                           Page  41

ADDR CODE      CYCLES  LINE SOURCE LINE
0000 E0FF      4    4  2721   bisr #255
0002 91r0rrEr  1    5  2722   movh.a a14,#@his(DefaultInterruptHandler)
0006 D9EErrrr  1    6  2723   lea a14,[a14]@los(DefaultInterruptHandler)
000A DC0E      1    7  2724   ji a14
                       2725   .sdecl  '.text.inttab1.intvec.0c0',CODE
0000                   2726   .sect   '.text.inttab1.intvec.0c0'
0000 E0FF      4    4  2727   bisr #255
0002 91r0rrEr  1    5  2728   movh.a a14,#@his(DefaultInterruptHandler)
0006 D9EErrrr  1    6  2729   lea a14,[a14]@los(DefaultInterruptHandler)
000A DC0E      1    7  2730   ji a14
                       2731   .sdecl  '.text.inttab1.intvec.0c1',CODE
0000                   2732   .sect   '.text.inttab1.intvec.0c1'
0000 E0FF      4    4  2733   bisr #255
0002 91r0rrEr  1    5  2734   movh.a a14,#@his(DefaultInterruptHandler)
0006 D9EErrrr  1    6  2735   lea a14,[a14]@los(DefaultInterruptHandler)
000A DC0E      1    7  2736   ji a14
                       2737   .sdecl  '.text.inttab1.intvec.0c2',CODE
0000                   2738   .sect   '.text.inttab1.intvec.0c2'
0000 E0FF      4    4  2739   bisr #255
0002 91r0rrEr  1    5  2740   movh.a a14,#@his(DefaultInterruptHandler)
0006 D9EErrrr  1    6  2741   lea a14,[a14]@los(DefaultInterruptHandler)
000A DC0E      1    7  2742   ji a14
                       2743   .sdecl  '.text.inttab1.intvec.0c3',CODE
0000                   2744   .sect   '.text.inttab1.intvec.0c3'
0000 E0FF      4    4  2745   bisr #255
0002 91r0rrEr  1    5  2746   movh.a a14,#@his(DefaultInterruptHandler)
0006 D9EErrrr  1    6  2747   lea a14,[a14]@los(DefaultInterruptHandler)
000A DC0E      1    7  2748   ji a14
                       2749   .sdecl  '.text.inttab1.intvec.0c4',CODE
0000                   2750   .sect   '.text.inttab1.intvec.0c4'
0000 E0FF      4    4  2751   bisr #255
0002 91r0rrEr  1    5  2752   movh.a a14,#@his(DefaultInterruptHandler)
0006 D9EErrrr  1    6  2753   lea a14,[a14]@los(DefaultInterruptHandler)
000A DC0E      1    7  2754   ji a14
                       2755   .sdecl  '.text.inttab1.intvec.0c5',CODE
0000                   2756   .sect   '.text.inttab1.intvec.0c5'
0000 E0FF      4    4  2757   bisr #255
0002 91r0rrEr  1    5  2758   movh.a a14,#@his(DefaultInterruptHandler)
0006 D9EErrrr  1    6  2759   lea a14,[a14]@los(DefaultInterruptHandler)
000A DC0E      1    7  2760   ji a14
                       2761   .sdecl  '.text.inttab1.intvec.0c6',CODE
0000                   2762   .sect   '.text.inttab1.intvec.0c6'
0000 E0FF      4    4  2763   bisr #255
0002 91r0rrEr  1    5  2764   movh.a a14,#@his(DefaultInterruptHandler)
0006 D9EErrrr  1    6  2765   lea a14,[a14]@los(DefaultInterruptHandler)
000A DC0E      1    7  2766   ji a14
                       2767   .sdecl  '.text.inttab1.intvec.0c7',CODE
0000                   2768   .sect   '.text.inttab1.intvec.0c7'
0000 E0FF      4    4  2769   bisr #255
0002 91r0rrEr  1    5  2770   movh.a a14,#@his(DefaultInterruptHandler)
0006 D9EErrrr  1    6  2771   lea a14,[a14]@los(DefaultInterruptHandler)
000A DC0E      1    7  2772   ji a14
                       2773   .sdecl  '.text.inttab1.intvec.0c8',CODE
0000                   2774   .sect   '.text.inttab1.intvec.0c8'
0000 E0FF      4    4  2775   bisr #255
0002 91r0rrEr  1    5  2776   movh.a a14,#@his(DefaultInterruptHandler)
0006 D9EErrrr  1    6  2777   lea a14,[a14]@los(DefaultInterruptHandler)
000A DC0E      1    7  2778   ji a14
                       2779   .sdecl  '.text.inttab1.intvec.0c9',CODE
0000                   2780   .sect   '.text.inttab1.intvec.0c9'
0000 E0FF      4    4  2781   bisr #255
0002 91r0rrEr  1    5  2782   movh.a a14,#@his(DefaultInterruptHandler)
0006 D9EErrrr  1    6  2783   lea a14,[a14]@los(DefaultInterruptHandler)
000A DC0E      1    7  2784   ji a14
                       2785   .sdecl  '.text.inttab1.intvec.0ca',CODE
0000                   2786   .sect   '.text.inttab1.intvec.0ca'
0000 E0FF      4    4  2787   bisr #255
0002 91r0rrEr  1    5  2788   movh.a a14,#@his(DefaultInterruptHandler)
TASKING VX-toolset for TriCore: assembler v6.3r1 Build 19041558
                                                                                                                           Page  42

ADDR CODE      CYCLES  LINE SOURCE LINE
0006 D9EErrrr  1    6  2789   lea a14,[a14]@los(DefaultInterruptHandler)
000A DC0E      1    7  2790   ji a14
                       2791   .sdecl  '.text.inttab1.intvec.0cb',CODE
0000                   2792   .sect   '.text.inttab1.intvec.0cb'
0000 E0FF      4    4  2793   bisr #255
0002 91r0rrEr  1    5  2794   movh.a a14,#@his(DefaultInterruptHandler)
0006 D9EErrrr  1    6  2795   lea a14,[a14]@los(DefaultInterruptHandler)
000A DC0E      1    7  2796   ji a14
                       2797   .sdecl  '.text.inttab1.intvec.0cc',CODE
0000                   2798   .sect   '.text.inttab1.intvec.0cc'
0000 E0FF      4    4  2799   bisr #255
0002 91r0rrEr  1    5  2800   movh.a a14,#@his(DefaultInterruptHandler)
0006 D9EErrrr  1    6  2801   lea a14,[a14]@los(DefaultInterruptHandler)
000A DC0E      1    7  2802   ji a14
                       2803   .sdecl  '.text.inttab1.intvec.0cd',CODE
0000                   2804   .sect   '.text.inttab1.intvec.0cd'
0000 E0FF      4    4  2805   bisr #255
0002 91r0rrEr  1    5  2806   movh.a a14,#@his(DefaultInterruptHandler)
0006 D9EErrrr  1    6  2807   lea a14,[a14]@los(DefaultInterruptHandler)
000A DC0E      1    7  2808   ji a14
                       2809   .sdecl  '.text.inttab1.intvec.0ce',CODE
0000                   2810   .sect   '.text.inttab1.intvec.0ce'
0000 E0FF      4    4  2811   bisr #255
0002 91r0rrEr  1    5  2812   movh.a a14,#@his(DefaultInterruptHandler)
0006 D9EErrrr  1    6  2813   lea a14,[a14]@los(DefaultInterruptHandler)
000A DC0E      1    7  2814   ji a14
                       2815   .sdecl  '.text.inttab1.intvec.0cf',CODE
0000                   2816   .sect   '.text.inttab1.intvec.0cf'
0000 E0FF      4    4  2817   bisr #255
0002 91r0rrEr  1    5  2818   movh.a a14,#@his(DefaultInterruptHandler)
0006 D9EErrrr  1    6  2819   lea a14,[a14]@los(DefaultInterruptHandler)
000A DC0E      1    7  2820   ji a14
                       2821   .sdecl  '.text.inttab1.intvec.0d0',CODE
0000                   2822   .sect   '.text.inttab1.intvec.0d0'
0000 E0FF      4    4  2823   bisr #255
0002 91r0rrEr  1    5  2824   movh.a a14,#@his(DefaultInterruptHandler)
0006 D9EErrrr  1    6  2825   lea a14,[a14]@los(DefaultInterruptHandler)
000A DC0E      1    7  2826   ji a14
                       2827   .sdecl  '.text.inttab1.intvec.0d1',CODE
0000                   2828   .sect   '.text.inttab1.intvec.0d1'
0000 E0FF      4    4  2829   bisr #255
0002 91r0rrEr  1    5  2830   movh.a a14,#@his(DefaultInterruptHandler)
0006 D9EErrrr  1    6  2831   lea a14,[a14]@los(DefaultInterruptHandler)
000A DC0E      1    7  2832   ji a14
                       2833   .sdecl  '.text.inttab1.intvec.0d2',CODE
0000                   2834   .sect   '.text.inttab1.intvec.0d2'
0000 E0FF      4    4  2835   bisr #255
0002 91r0rrEr  1    5  2836   movh.a a14,#@his(DefaultInterruptHandler)
0006 D9EErrrr  1    6  2837   lea a14,[a14]@los(DefaultInterruptHandler)
000A DC0E      1    7  2838   ji a14
                       2839   .sdecl  '.text.inttab1.intvec.0d3',CODE
0000                   2840   .sect   '.text.inttab1.intvec.0d3'
0000 E0FF      4    4  2841   bisr #255
0002 91r0rrEr  1    5  2842   movh.a a14,#@his(DefaultInterruptHandler)
0006 D9EErrrr  1    6  2843   lea a14,[a14]@los(DefaultInterruptHandler)
000A DC0E      1    7  2844   ji a14
                       2845   .sdecl  '.text.inttab1.intvec.0d4',CODE
0000                   2846   .sect   '.text.inttab1.intvec.0d4'
0000 E0FF      4    4  2847   bisr #255
0002 91r0rrEr  1    5  2848   movh.a a14,#@his(DefaultInterruptHandler)
0006 D9EErrrr  1    6  2849   lea a14,[a14]@los(DefaultInterruptHandler)
000A DC0E      1    7  2850   ji a14
                       2851   .sdecl  '.text.inttab1.intvec.0d5',CODE
0000                   2852   .sect   '.text.inttab1.intvec.0d5'
0000 E0FF      4    4  2853   bisr #255
0002 91r0rrEr  1    5  2854   movh.a a14,#@his(DefaultInterruptHandler)
0006 D9EErrrr  1    6  2855   lea a14,[a14]@los(DefaultInterruptHandler)
000A DC0E      1    7  2856   ji a14
TASKING VX-toolset for TriCore: assembler v6.3r1 Build 19041558
                                                                                                                           Page  43

ADDR CODE      CYCLES  LINE SOURCE LINE
                       2857   .sdecl  '.text.inttab1.intvec.0d6',CODE
0000                   2858   .sect   '.text.inttab1.intvec.0d6'
0000 E0FF      4    4  2859   bisr #255
0002 91r0rrEr  1    5  2860   movh.a a14,#@his(DefaultInterruptHandler)
0006 D9EErrrr  1    6  2861   lea a14,[a14]@los(DefaultInterruptHandler)
000A DC0E      1    7  2862   ji a14
                       2863   .sdecl  '.text.inttab1.intvec.0d7',CODE
0000                   2864   .sect   '.text.inttab1.intvec.0d7'
0000 E0FF      4    4  2865   bisr #255
0002 91r0rrEr  1    5  2866   movh.a a14,#@his(DefaultInterruptHandler)
0006 D9EErrrr  1    6  2867   lea a14,[a14]@los(DefaultInterruptHandler)
000A DC0E      1    7  2868   ji a14
                       2869   .sdecl  '.text.inttab1.intvec.0d8',CODE
0000                   2870   .sect   '.text.inttab1.intvec.0d8'
0000 E0FF      4    4  2871   bisr #255
0002 91r0rrEr  1    5  2872   movh.a a14,#@his(DefaultInterruptHandler)
0006 D9EErrrr  1    6  2873   lea a14,[a14]@los(DefaultInterruptHandler)
000A DC0E      1    7  2874   ji a14
                       2875   .sdecl  '.text.inttab1.intvec.0d9',CODE
0000                   2876   .sect   '.text.inttab1.intvec.0d9'
0000 E0FF      4    4  2877   bisr #255
0002 91r0rrEr  1    5  2878   movh.a a14,#@his(DefaultInterruptHandler)
0006 D9EErrrr  1    6  2879   lea a14,[a14]@los(DefaultInterruptHandler)
000A DC0E      1    7  2880   ji a14
                       2881   .sdecl  '.text.inttab1.intvec.0da',CODE
0000                   2882   .sect   '.text.inttab1.intvec.0da'
0000 E0FF      4    4  2883   bisr #255
0002 91r0rrEr  1    5  2884   movh.a a14,#@his(DefaultInterruptHandler)
0006 D9EErrrr  1    6  2885   lea a14,[a14]@los(DefaultInterruptHandler)
000A DC0E      1    7  2886   ji a14
                       2887   .sdecl  '.text.inttab1.intvec.0db',CODE
0000                   2888   .sect   '.text.inttab1.intvec.0db'
0000 E0FF      4    4  2889   bisr #255
0002 91r0rrEr  1    5  2890   movh.a a14,#@his(DefaultInterruptHandler)
0006 D9EErrrr  1    6  2891   lea a14,[a14]@los(DefaultInterruptHandler)
000A DC0E      1    7  2892   ji a14
                       2893   .sdecl  '.text.inttab1.intvec.0dc',CODE
0000                   2894   .sect   '.text.inttab1.intvec.0dc'
0000 E0FF      4    4  2895   bisr #255
0002 91r0rrEr  1    5  2896   movh.a a14,#@his(DefaultInterruptHandler)
0006 D9EErrrr  1    6  2897   lea a14,[a14]@los(DefaultInterruptHandler)
000A DC0E      1    7  2898   ji a14
                       2899   .sdecl  '.text.inttab1.intvec.0dd',CODE
0000                   2900   .sect   '.text.inttab1.intvec.0dd'
0000 E0FF      4    4  2901   bisr #255
0002 91r0rrEr  1    5  2902   movh.a a14,#@his(DefaultInterruptHandler)
0006 D9EErrrr  1    6  2903   lea a14,[a14]@los(DefaultInterruptHandler)
000A DC0E      1    7  2904   ji a14
                       2905   .sdecl  '.text.inttab1.intvec.0de',CODE
0000                   2906   .sect   '.text.inttab1.intvec.0de'
0000 E0FF      4    4  2907   bisr #255
0002 91r0rrEr  1    5  2908   movh.a a14,#@his(DefaultInterruptHandler)
0006 D9EErrrr  1    6  2909   lea a14,[a14]@los(DefaultInterruptHandler)
000A DC0E      1    7  2910   ji a14
                       2911   .sdecl  '.text.inttab1.intvec.0df',CODE
0000                   2912   .sect   '.text.inttab1.intvec.0df'
0000 E0FF      4    4  2913   bisr #255
0002 91r0rrEr  1    5  2914   movh.a a14,#@his(DefaultInterruptHandler)
0006 D9EErrrr  1    6  2915   lea a14,[a14]@los(DefaultInterruptHandler)
000A DC0E      1    7  2916   ji a14
                       2917   .sdecl  '.text.inttab1.intvec.0e0',CODE
0000                   2918   .sect   '.text.inttab1.intvec.0e0'
0000 E0FF      4    4  2919   bisr #255
0002 91r0rrEr  1    5  2920   movh.a a14,#@his(DefaultInterruptHandler)
0006 D9EErrrr  1    6  2921   lea a14,[a14]@los(DefaultInterruptHandler)
000A DC0E      1    7  2922   ji a14
                       2923   .sdecl  '.text.inttab1.intvec.0e1',CODE
0000                   2924   .sect   '.text.inttab1.intvec.0e1'
TASKING VX-toolset for TriCore: assembler v6.3r1 Build 19041558
                                                                                                                           Page  44

ADDR CODE      CYCLES  LINE SOURCE LINE
0000 E0FF      4    4  2925   bisr #255
0002 91r0rrEr  1    5  2926   movh.a a14,#@his(DefaultInterruptHandler)
0006 D9EErrrr  1    6  2927   lea a14,[a14]@los(DefaultInterruptHandler)
000A DC0E      1    7  2928   ji a14
                       2929   .sdecl  '.text.inttab1.intvec.0e2',CODE
0000                   2930   .sect   '.text.inttab1.intvec.0e2'
0000 E0FF      4    4  2931   bisr #255
0002 91r0rrEr  1    5  2932   movh.a a14,#@his(DefaultInterruptHandler)
0006 D9EErrrr  1    6  2933   lea a14,[a14]@los(DefaultInterruptHandler)
000A DC0E      1    7  2934   ji a14
                       2935   .sdecl  '.text.inttab1.intvec.0e3',CODE
0000                   2936   .sect   '.text.inttab1.intvec.0e3'
0000 E0FF      4    4  2937   bisr #255
0002 91r0rrEr  1    5  2938   movh.a a14,#@his(DefaultInterruptHandler)
0006 D9EErrrr  1    6  2939   lea a14,[a14]@los(DefaultInterruptHandler)
000A DC0E      1    7  2940   ji a14
                       2941   .sdecl  '.text.inttab1.intvec.0e4',CODE
0000                   2942   .sect   '.text.inttab1.intvec.0e4'
0000 E0FF      4    4  2943   bisr #255
0002 91r0rrEr  1    5  2944   movh.a a14,#@his(DefaultInterruptHandler)
0006 D9EErrrr  1    6  2945   lea a14,[a14]@los(DefaultInterruptHandler)
000A DC0E      1    7  2946   ji a14
                       2947   .sdecl  '.text.inttab1.intvec.0e5',CODE
0000                   2948   .sect   '.text.inttab1.intvec.0e5'
0000 E0FF      4    4  2949   bisr #255
0002 91r0rrEr  1    5  2950   movh.a a14,#@his(DefaultInterruptHandler)
0006 D9EErrrr  1    6  2951   lea a14,[a14]@los(DefaultInterruptHandler)
000A DC0E      1    7  2952   ji a14
                       2953   .sdecl  '.text.inttab1.intvec.0e6',CODE
0000                   2954   .sect   '.text.inttab1.intvec.0e6'
0000 E0FF      4    4  2955   bisr #255
0002 91r0rrEr  1    5  2956   movh.a a14,#@his(DefaultInterruptHandler)
0006 D9EErrrr  1    6  2957   lea a14,[a14]@los(DefaultInterruptHandler)
000A DC0E      1    7  2958   ji a14
                       2959   .sdecl  '.text.inttab1.intvec.0e7',CODE
0000                   2960   .sect   '.text.inttab1.intvec.0e7'
0000 E0FF      4    4  2961   bisr #255
0002 91r0rrEr  1    5  2962   movh.a a14,#@his(DefaultInterruptHandler)
0006 D9EErrrr  1    6  2963   lea a14,[a14]@los(DefaultInterruptHandler)
000A DC0E      1    7  2964   ji a14
                       2965   .sdecl  '.text.inttab1.intvec.0e8',CODE
0000                   2966   .sect   '.text.inttab1.intvec.0e8'
0000 E0FF      4    4  2967   bisr #255
0002 91r0rrEr  1    5  2968   movh.a a14,#@his(DefaultInterruptHandler)
0006 D9EErrrr  1    6  2969   lea a14,[a14]@los(DefaultInterruptHandler)
000A DC0E      1    7  2970   ji a14
                       2971   .sdecl  '.text.inttab1.intvec.0e9',CODE
0000                   2972   .sect   '.text.inttab1.intvec.0e9'
0000 E0FF      4    4  2973   bisr #255
0002 91r0rrEr  1    5  2974   movh.a a14,#@his(DefaultInterruptHandler)
0006 D9EErrrr  1    6  2975   lea a14,[a14]@los(DefaultInterruptHandler)
000A DC0E      1    7  2976   ji a14
                       2977   .sdecl  '.text.inttab1.intvec.0ea',CODE
0000                   2978   .sect   '.text.inttab1.intvec.0ea'
0000 E0FF      4    4  2979   bisr #255
0002 91r0rrEr  1    5  2980   movh.a a14,#@his(DefaultInterruptHandler)
0006 D9EErrrr  1    6  2981   lea a14,[a14]@los(DefaultInterruptHandler)
000A DC0E      1    7  2982   ji a14
                       2983   .sdecl  '.text.inttab1.intvec.0eb',CODE
0000                   2984   .sect   '.text.inttab1.intvec.0eb'
0000 E0FF      4    4  2985   bisr #255
0002 91r0rrEr  1    5  2986   movh.a a14,#@his(DefaultInterruptHandler)
0006 D9EErrrr  1    6  2987   lea a14,[a14]@los(DefaultInterruptHandler)
000A DC0E      1    7  2988   ji a14
                       2989   .sdecl  '.text.inttab1.intvec.0ec',CODE
0000                   2990   .sect   '.text.inttab1.intvec.0ec'
0000 E0FF      4    4  2991   bisr #255
0002 91r0rrEr  1    5  2992   movh.a a14,#@his(DefaultInterruptHandler)
TASKING VX-toolset for TriCore: assembler v6.3r1 Build 19041558
                                                                                                                           Page  45

ADDR CODE      CYCLES  LINE SOURCE LINE
0006 D9EErrrr  1    6  2993   lea a14,[a14]@los(DefaultInterruptHandler)
000A DC0E      1    7  2994   ji a14
                       2995   .sdecl  '.text.inttab1.intvec.0ed',CODE
0000                   2996   .sect   '.text.inttab1.intvec.0ed'
0000 E0FF      4    4  2997   bisr #255
0002 91r0rrEr  1    5  2998   movh.a a14,#@his(DefaultInterruptHandler)
0006 D9EErrrr  1    6  2999   lea a14,[a14]@los(DefaultInterruptHandler)
000A DC0E      1    7  3000   ji a14
                       3001   .sdecl  '.text.inttab1.intvec.0ee',CODE
0000                   3002   .sect   '.text.inttab1.intvec.0ee'
0000 E0FF      4    4  3003   bisr #255
0002 91r0rrEr  1    5  3004   movh.a a14,#@his(DefaultInterruptHandler)
0006 D9EErrrr  1    6  3005   lea a14,[a14]@los(DefaultInterruptHandler)
000A DC0E      1    7  3006   ji a14
                       3007   .sdecl  '.text.inttab1.intvec.0ef',CODE
0000                   3008   .sect   '.text.inttab1.intvec.0ef'
0000 E0FF      4    4  3009   bisr #255
0002 91r0rrEr  1    5  3010   movh.a a14,#@his(DefaultInterruptHandler)
0006 D9EErrrr  1    6  3011   lea a14,[a14]@los(DefaultInterruptHandler)
000A DC0E      1    7  3012   ji a14
                       3013   .sdecl  '.text.inttab1.intvec.0f0',CODE
0000                   3014   .sect   '.text.inttab1.intvec.0f0'
0000 E0FF      4    4  3015   bisr #255
0002 91r0rrEr  1    5  3016   movh.a a14,#@his(DefaultInterruptHandler)
0006 D9EErrrr  1    6  3017   lea a14,[a14]@los(DefaultInterruptHandler)
000A DC0E      1    7  3018   ji a14
                       3019   .sdecl  '.text.inttab1.intvec.0f1',CODE
0000                   3020   .sect   '.text.inttab1.intvec.0f1'
0000 E0FF      4    4  3021   bisr #255
0002 91r0rrEr  1    5  3022   movh.a a14,#@his(DefaultInterruptHandler)
0006 D9EErrrr  1    6  3023   lea a14,[a14]@los(DefaultInterruptHandler)
000A DC0E      1    7  3024   ji a14
                       3025   .sdecl  '.text.inttab1.intvec.0f2',CODE
0000                   3026   .sect   '.text.inttab1.intvec.0f2'
0000 E0FF      4    4  3027   bisr #255
0002 91r0rrEr  1    5  3028   movh.a a14,#@his(DefaultInterruptHandler)
0006 D9EErrrr  1    6  3029   lea a14,[a14]@los(DefaultInterruptHandler)
000A DC0E      1    7  3030   ji a14
                       3031   .sdecl  '.text.inttab1.intvec.0f3',CODE
0000                   3032   .sect   '.text.inttab1.intvec.0f3'
0000 E0FF      4    4  3033   bisr #255
0002 91r0rrEr  1    5  3034   movh.a a14,#@his(DefaultInterruptHandler)
0006 D9EErrrr  1    6  3035   lea a14,[a14]@los(DefaultInterruptHandler)
000A DC0E      1    7  3036   ji a14
                       3037   .sdecl  '.text.inttab1.intvec.0f4',CODE
0000                   3038   .sect   '.text.inttab1.intvec.0f4'
0000 E0FF      4    4  3039   bisr #255
0002 91r0rrEr  1    5  3040   movh.a a14,#@his(DefaultInterruptHandler)
0006 D9EErrrr  1    6  3041   lea a14,[a14]@los(DefaultInterruptHandler)
000A DC0E      1    7  3042   ji a14
                       3043   .sdecl  '.text.inttab1.intvec.0f5',CODE
0000                   3044   .sect   '.text.inttab1.intvec.0f5'
0000 E0FF      4    4  3045   bisr #255
0002 91r0rrEr  1    5  3046   movh.a a14,#@his(DefaultInterruptHandler)
0006 D9EErrrr  1    6  3047   lea a14,[a14]@los(DefaultInterruptHandler)
000A DC0E      1    7  3048   ji a14
                       3049   .sdecl  '.text.inttab1.intvec.0f6',CODE
0000                   3050   .sect   '.text.inttab1.intvec.0f6'
0000 E0FF      4    4  3051   bisr #255
0002 91r0rrEr  1    5  3052   movh.a a14,#@his(DefaultInterruptHandler)
0006 D9EErrrr  1    6  3053   lea a14,[a14]@los(DefaultInterruptHandler)
000A DC0E      1    7  3054   ji a14
                       3055   .sdecl  '.text.inttab1.intvec.0f7',CODE
0000                   3056   .sect   '.text.inttab1.intvec.0f7'
0000 E0FF      4    4  3057   bisr #255
0002 91r0rrEr  1    5  3058   movh.a a14,#@his(DefaultInterruptHandler)
0006 D9EErrrr  1    6  3059   lea a14,[a14]@los(DefaultInterruptHandler)
000A DC0E      1    7  3060   ji a14
TASKING VX-toolset for TriCore: assembler v6.3r1 Build 19041558
                                                                                                                           Page  46

ADDR CODE      CYCLES  LINE SOURCE LINE
                       3061   .sdecl  '.text.inttab1.intvec.0f8',CODE
0000                   3062   .sect   '.text.inttab1.intvec.0f8'
0000 E0FF      4    4  3063   bisr #255
0002 91r0rrEr  1    5  3064   movh.a a14,#@his(DefaultInterruptHandler)
0006 D9EErrrr  1    6  3065   lea a14,[a14]@los(DefaultInterruptHandler)
000A DC0E      1    7  3066   ji a14
                       3067   .sdecl  '.text.inttab1.intvec.0f9',CODE
0000                   3068   .sect   '.text.inttab1.intvec.0f9'
0000 E0FF      4    4  3069   bisr #255
0002 91r0rrEr  1    5  3070   movh.a a14,#@his(DefaultInterruptHandler)
0006 D9EErrrr  1    6  3071   lea a14,[a14]@los(DefaultInterruptHandler)
000A DC0E      1    7  3072   ji a14
                       3073   .sdecl  '.text.inttab1.intvec.0fa',CODE
0000                   3074   .sect   '.text.inttab1.intvec.0fa'
0000 E0FF      4    4  3075   bisr #255
0002 91r0rrEr  1    5  3076   movh.a a14,#@his(DefaultInterruptHandler)
0006 D9EErrrr  1    6  3077   lea a14,[a14]@los(DefaultInterruptHandler)
000A DC0E      1    7  3078   ji a14
                       3079   .sdecl  '.text.inttab1.intvec.0fb',CODE
0000                   3080   .sect   '.text.inttab1.intvec.0fb'
0000 E0FF      4    4  3081   bisr #255
0002 91r0rrEr  1    5  3082   movh.a a14,#@his(DefaultInterruptHandler)
0006 D9EErrrr  1    6  3083   lea a14,[a14]@los(DefaultInterruptHandler)
000A DC0E      1    7  3084   ji a14
                       3085   .sdecl  '.text.inttab1.intvec.0fc',CODE
0000                   3086   .sect   '.text.inttab1.intvec.0fc'
0000 E0FF      4    4  3087   bisr #255
0002 91r0rrEr  1    5  3088   movh.a a14,#@his(DefaultInterruptHandler)
0006 D9EErrrr  1    6  3089   lea a14,[a14]@los(DefaultInterruptHandler)
000A DC0E      1    7  3090   ji a14
                       3091   .sdecl  '.text.inttab1.intvec.0fd',CODE
0000                   3092   .sect   '.text.inttab1.intvec.0fd'
0000 E0FF      4    4  3093   bisr #255
0002 91r0rrEr  1    5  3094   movh.a a14,#@his(DefaultInterruptHandler)
0006 D9EErrrr  1    6  3095   lea a14,[a14]@los(DefaultInterruptHandler)
000A DC0E      1    7  3096   ji a14
                       3097   .sdecl  '.text.inttab1.intvec.0fe',CODE
0000                   3098   .sect   '.text.inttab1.intvec.0fe'
0000 E0FF      4    4  3099   bisr #255
0002 91r0rrEr  1    5  3100   movh.a a14,#@his(DefaultInterruptHandler)
0006 D9EErrrr  1    6  3101   lea a14,[a14]@los(DefaultInterruptHandler)
000A DC0E      1    7  3102   ji a14
                       3103   .sdecl  '.text.inttab1.intvec.0ff',CODE
0000                   3104   .sect   '.text.inttab1.intvec.0ff'
0000 E0FF      4    4  3105   bisr #255
0002 91r0rrEr  1    5  3106   movh.a a14,#@his(DefaultInterruptHandler)
0006 D9EErrrr  1    6  3107   lea a14,[a14]@los(DefaultInterruptHandler)
000A DC0E      1    7  3108   ji a14
                       3109 
                       3110 
                       3111 
